<?xml version="1.0" encoding="ISO-8859-1"?>
<JDBOR date="2019-05-15 11:15:28" version="1.2.11 / 4.1.6 [2018-04-12] (orientdb version)" copyright="Orphanet (c) 2019">
  <ClassificationList count="1">
    <Classification id="186">
      <OrphaNumber>162709</OrphaNumber>
      <ExpertLink lang="en">http://www.orpha.net/consor/cgi-bin/OC_Exp.php?lng=en&amp;Expert=162709</ExpertLink>
      <ClassificationFlagList count="1">
        <ClassificationFlag id="28">
          <Value>2</Value>
          <Label>Pat</Label>
        </ClassificationFlag>
      </ClassificationFlagList>
      <Name lang="en">Orphanet classification of rare surgical thoracic diseases</Name>
      <ClassificationNodeRootList count="1">
        <ClassificationNode>
          <Disorder id="12980">
            <OrphaNumber>97962</OrphaNumber>
            <ExpertLink lang="en">http://www.orpha.net/consor/cgi-bin/OC_Exp.php?lng=en&amp;Expert=97962</ExpertLink>
            <Name lang="en">Rare surgical thoracic disease</Name>
          </Disorder>
          <ClassificationNodeChildList count="6">
            <ClassificationNode>
              <Disorder id="12889">
                <OrphaNumber>97330</OrphaNumber>
                <ExpertLink lang="en">http://www.orpha.net/consor/cgi-bin/OC_Exp.php?lng=en&amp;Expert=97330</ExpertLink>
                <Name lang="en">Thoracic outlet syndrome</Name>
                <DisorderType id="21394">
                  <Name lang="en">Disease</Name>
                </DisorderType>
              </Disorder>
              <ClassificationNodeChildList count="3">
                <ClassificationNode>
                  <Disorder id="14646">
                    <OrphaNumber>100073</OrphaNumber>
                    <ExpertLink lang="en">http://www.orpha.net/consor/cgi-bin/OC_Exp.php?lng=en&amp;Expert=100073</ExpertLink>
                    <Name lang="en">Neurogenic thoracic outlet syndrome</Name>
                    <DisorderType id="21450">
                      <Name lang="en">Clinical subtype</Name>
                    </DisorderType>
                  </Disorder>
                  <ClassificationNodeChildList count="0">
                  </ClassificationNodeChildList>
                </ClassificationNode>
                <ClassificationNode>
                  <Disorder id="22204">
                    <OrphaNumber>357107</OrphaNumber>
                    <ExpertLink lang="en">http://www.orpha.net/consor/cgi-bin/OC_Exp.php?lng=en&amp;Expert=357107</ExpertLink>
                    <Name lang="en">Arterial thoracic outlet syndrome</Name>
                    <DisorderType id="21450">
                      <Name lang="en">Clinical subtype</Name>
                    </DisorderType>
                  </Disorder>
                  <ClassificationNodeChildList count="0">
                  </ClassificationNodeChildList>
                </ClassificationNode>
                <ClassificationNode>
                  <Disorder id="22205">
                    <OrphaNumber>357131</OrphaNumber>
                    <ExpertLink lang="en">http://www.orpha.net/consor/cgi-bin/OC_Exp.php?lng=en&amp;Expert=357131</ExpertLink>
                    <Name lang="en">Venous thoracic outlet syndrome</Name>
                    <DisorderType id="21450">
                      <Name lang="en">Clinical subtype</Name>
                    </DisorderType>
                  </Disorder>
                  <ClassificationNodeChildList count="0">
                  </ClassificationNodeChildList>
                </ClassificationNode>
              </ClassificationNodeChildList>
            </ClassificationNode>
            <ClassificationNode>
              <Disorder id="15028">
                <OrphaNumber>108993</OrphaNumber>
                <ExpertLink lang="en">http://www.orpha.net/consor/cgi-bin/OC_Exp.php?lng=en&amp;Expert=108993</ExpertLink>
                <Name lang="en">Non-syndromic respiratory or mediastinal malformation</Name>
                <DisorderType id="21436">
                  <Name lang="en">Group of phenomes</Name>
                </DisorderType>
              </Disorder>
              <ClassificationNodeChildList count="4">
                <ClassificationNode>
                  <Disorder id="597">
                    <OrphaNumber>3346</OrphaNumber>
                    <ExpertLink lang="en">http://www.orpha.net/consor/cgi-bin/OC_Exp.php?lng=en&amp;Expert=3346</ExpertLink>
                    <Name lang="en">Tracheal agenesis</Name>
                    <DisorderType id="21415">
                      <Name lang="en">Morphological anomaly</Name>
                    </DisorderType>
                  </Disorder>
                  <ClassificationNodeChildList count="0">
                  </ClassificationNodeChildList>
                </ClassificationNode>
                <ClassificationNode>
                  <Disorder id="802">
                    <OrphaNumber>1928</OrphaNumber>
                    <ExpertLink lang="en">http://www.orpha.net/consor/cgi-bin/OC_Exp.php?lng=en&amp;Expert=1928</ExpertLink>
                    <Name lang="en">Congenital lobar emphysema</Name>
                    <DisorderType id="21415">
                      <Name lang="en">Morphological anomaly</Name>
                    </DisorderType>
                  </Disorder>
                  <ClassificationNodeChildList count="0">
                  </ClassificationNodeChildList>
                </ClassificationNode>
                <ClassificationNode>
                  <Disorder id="1941">
                    <OrphaNumber>2004</OrphaNumber>
                    <ExpertLink lang="en">http://www.orpha.net/consor/cgi-bin/OC_Exp.php?lng=en&amp;Expert=2004</ExpertLink>
                    <Name lang="en">Laryngotracheoesophageal cleft</Name>
                    <DisorderType id="21415">
                      <Name lang="en">Morphological anomaly</Name>
                    </DisorderType>
                  </Disorder>
                  <ClassificationNodeChildList count="5">
                    <ClassificationNode>
                      <Disorder id="12498">
                        <OrphaNumber>93938</OrphaNumber>
                        <ExpertLink lang="en">http://www.orpha.net/consor/cgi-bin/OC_Exp.php?lng=en&amp;Expert=93938</ExpertLink>
                        <Name lang="en">Laryngotracheoesophageal cleft type 1</Name>
                        <DisorderType id="21450">
                          <Name lang="en">Clinical subtype</Name>
                        </DisorderType>
                      </Disorder>
                      <ClassificationNodeChildList count="0">
                      </ClassificationNodeChildList>
                    </ClassificationNode>
                    <ClassificationNode>
                      <Disorder id="12499">
                        <OrphaNumber>93939</OrphaNumber>
                        <ExpertLink lang="en">http://www.orpha.net/consor/cgi-bin/OC_Exp.php?lng=en&amp;Expert=93939</ExpertLink>
                        <Name lang="en">Laryngotracheoesophageal cleft type 2</Name>
                        <DisorderType id="21450">
                          <Name lang="en">Clinical subtype</Name>
                        </DisorderType>
                      </Disorder>
                      <ClassificationNodeChildList count="0">
                      </ClassificationNodeChildList>
                    </ClassificationNode>
                    <ClassificationNode>
                      <Disorder id="12500">
                        <OrphaNumber>93940</OrphaNumber>
                        <ExpertLink lang="en">http://www.orpha.net/consor/cgi-bin/OC_Exp.php?lng=en&amp;Expert=93940</ExpertLink>
                        <Name lang="en">Laryngotracheoesophageal cleft type 3</Name>
                        <DisorderType id="21450">
                          <Name lang="en">Clinical subtype</Name>
                        </DisorderType>
                      </Disorder>
                      <ClassificationNodeChildList count="0">
                      </ClassificationNodeChildList>
                    </ClassificationNode>
                    <ClassificationNode>
                      <Disorder id="12501">
                        <OrphaNumber>93941</OrphaNumber>
                        <ExpertLink lang="en">http://www.orpha.net/consor/cgi-bin/OC_Exp.php?lng=en&amp;Expert=93941</ExpertLink>
                        <Name lang="en">Laryngotracheoesophageal cleft type 4</Name>
                        <DisorderType id="21450">
                          <Name lang="en">Clinical subtype</Name>
                        </DisorderType>
                      </Disorder>
                      <ClassificationNodeChildList count="0">
                      </ClassificationNodeChildList>
                    </ClassificationNode>
                    <ClassificationNode>
                      <Disorder id="20437">
                        <OrphaNumber>280205</OrphaNumber>
                        <ExpertLink lang="en">http://www.orpha.net/consor/cgi-bin/OC_Exp.php?lng=en&amp;Expert=280205</ExpertLink>
                        <Name lang="en">Laryngotracheoesophageal cleft type 0</Name>
                        <DisorderType id="21450">
                          <Name lang="en">Clinical subtype</Name>
                        </DisorderType>
                      </Disorder>
                      <ClassificationNodeChildList count="0">
                      </ClassificationNodeChildList>
                    </ClassificationNode>
                  </ClassificationNodeChildList>
                </ClassificationNode>
                <ClassificationNode>
                  <Disorder id="23661">
                    <OrphaNumber>454750</OrphaNumber>
                    <ExpertLink lang="en">http://www.orpha.net/consor/cgi-bin/OC_Exp.php?lng=en&amp;Expert=454750</ExpertLink>
                    <Name lang="en">Isolated tracheoesophageal fistula</Name>
                    <DisorderType id="21415">
                      <Name lang="en">Morphological anomaly</Name>
                    </DisorderType>
                  </Disorder>
                  <ClassificationNodeChildList count="0">
                  </ClassificationNodeChildList>
                </ClassificationNode>
              </ClassificationNodeChildList>
            </ClassificationNode>
            <ClassificationNode>
              <Disorder id="15029">
                <OrphaNumber>108995</OrphaNumber>
                <ExpertLink lang="en">http://www.orpha.net/consor/cgi-bin/OC_Exp.php?lng=en&amp;Expert=108995</ExpertLink>
                <Name lang="en">Syndromic respiratory or mediastinal malformation</Name>
                <DisorderType id="21436">
                  <Name lang="en">Group of phenomes</Name>
                </DisorderType>
              </Disorder>
              <ClassificationNodeChildList count="1">
                <ClassificationNode>
                  <Disorder id="2283">
                    <OrphaNumber>2470</OrphaNumber>
                    <ExpertLink lang="en">http://www.orpha.net/consor/cgi-bin/OC_Exp.php?lng=en&amp;Expert=2470</ExpertLink>
                    <Name lang="en">Matthew-Wood syndrome</Name>
                    <DisorderType id="21401">
                      <Name lang="en">Malformation syndrome</Name>
                    </DisorderType>
                  </Disorder>
                  <ClassificationNodeChildList count="0">
                  </ClassificationNodeChildList>
                </ClassificationNode>
              </ClassificationNodeChildList>
            </ClassificationNode>
            <ClassificationNode>
              <Disorder id="18157">
                <OrphaNumber>180776</OrphaNumber>
                <ExpertLink lang="en">http://www.orpha.net/consor/cgi-bin/OC_Exp.php?lng=en&amp;Expert=180776</ExpertLink>
                <Name lang="en">Non-syndromic diaphragmatic or thoracic malformation</Name>
                <DisorderType id="21436">
                  <Name lang="en">Group of phenomes</Name>
                </DisorderType>
              </Disorder>
              <ClassificationNodeChildList count="2">
                <ClassificationNode>
                  <Disorder id="506">
                    <OrphaNumber>2140</OrphaNumber>
                    <ExpertLink lang="en">http://www.orpha.net/consor/cgi-bin/OC_Exp.php?lng=en&amp;Expert=2140</ExpertLink>
                    <Name lang="en">Congenital diaphragmatic hernia</Name>
                    <DisorderType id="21415">
                      <Name lang="en">Morphological anomaly</Name>
                    </DisorderType>
                  </Disorder>
                  <ClassificationNodeChildList count="0">
                  </ClassificationNodeChildList>
                </ClassificationNode>
                <ClassificationNode>
                  <Disorder id="1951">
                    <OrphaNumber>2017</OrphaNumber>
                    <ExpertLink lang="en">http://www.orpha.net/consor/cgi-bin/OC_Exp.php?lng=en&amp;Expert=2017</ExpertLink>
                    <Name lang="en">Sternal cleft</Name>
                    <DisorderType id="21436">
                      <Name lang="en">Group of phenomes</Name>
                    </DisorderType>
                  </Disorder>
                  <ClassificationNodeChildList count="1">
                    <ClassificationNode>
                      <Disorder id="12502">
                        <OrphaNumber>93942</OrphaNumber>
                        <ExpertLink lang="en">http://www.orpha.net/consor/cgi-bin/OC_Exp.php?lng=en&amp;Expert=93942</ExpertLink>
                        <Name lang="en">Superior celosomia</Name>
                        <DisorderType id="21415">
                          <Name lang="en">Morphological anomaly</Name>
                        </DisorderType>
                      </Disorder>
                      <ClassificationNodeChildList count="0">
                      </ClassificationNodeChildList>
                    </ClassificationNode>
                  </ClassificationNodeChildList>
                </ClassificationNode>
              </ClassificationNodeChildList>
            </ClassificationNode>
            <ClassificationNode>
              <Disorder id="18158">
                <OrphaNumber>180779</OrphaNumber>
                <ExpertLink lang="en">http://www.orpha.net/consor/cgi-bin/OC_Exp.php?lng=en&amp;Expert=180779</ExpertLink>
                <Name lang="en">Syndromic diaphragmatic or thoracic malformation</Name>
                <DisorderType id="21436">
                  <Name lang="en">Group of phenomes</Name>
                </DisorderType>
              </Disorder>
              <ClassificationNodeChildList count="17">
                <ClassificationNode>
                  <Disorder id="25843">
                    <OrphaNumber>496693</OrphaNumber>
                    <ExpertLink lang="en">http://www.orpha.net/consor/cgi-bin/OC_Exp.php?lng=en&amp;Expert=496693</ExpertLink>
                    <Name lang="en">Omphalocele-diaphragmatic hernia-cardiovascular anomalies-radial ray defect syndrome</Name>
                    <DisorderType id="21401">
                      <Name lang="en">Malformation syndrome</Name>
                    </DisorderType>
                  </Disorder>
                  <ClassificationNodeChildList count="0">
                  </ClassificationNodeChildList>
                </ClassificationNode>
                <ClassificationNode>
                  <Disorder id="25213">
                    <OrphaNumber>480528</OrphaNumber>
                    <ExpertLink lang="en">http://www.orpha.net/consor/cgi-bin/OC_Exp.php?lng=en&amp;Expert=480528</ExpertLink>
                    <Name lang="en">Lethal hydranencephaly-diaphragmatic hernia syndrome</Name>
                    <DisorderType id="21401">
                      <Name lang="en">Malformation syndrome</Name>
                    </DisorderType>
                  </Disorder>
                  <ClassificationNodeChildList count="0">
                  </ClassificationNodeChildList>
                </ClassificationNode>
                <ClassificationNode>
                  <Disorder id="147">
                    <OrphaNumber>280</OrphaNumber>
                    <ExpertLink lang="en">http://www.orpha.net/consor/cgi-bin/OC_Exp.php?lng=en&amp;Expert=280</ExpertLink>
                    <Name lang="en">Wolf-Hirschhorn syndrome</Name>
                    <DisorderType id="21401">
                      <Name lang="en">Malformation syndrome</Name>
                    </DisorderType>
                  </Disorder>
                  <ClassificationNodeChildList count="0">
                  </ClassificationNodeChildList>
                </ClassificationNode>
                <ClassificationNode>
                  <Disorder id="299">
                    <OrphaNumber>199</OrphaNumber>
                    <ExpertLink lang="en">http://www.orpha.net/consor/cgi-bin/OC_Exp.php?lng=en&amp;Expert=199</ExpertLink>
                    <Name lang="en">Cornelia de Lange syndrome</Name>
                    <DisorderType id="21401">
                      <Name lang="en">Malformation syndrome</Name>
                    </DisorderType>
                  </Disorder>
                  <ClassificationNodeChildList count="0">
                  </ClassificationNodeChildList>
                </ClassificationNode>
                <ClassificationNode>
                  <Disorder id="557">
                    <OrphaNumber>884</OrphaNumber>
                    <ExpertLink lang="en">http://www.orpha.net/consor/cgi-bin/OC_Exp.php?lng=en&amp;Expert=884</ExpertLink>
                    <Name lang="en">Tetrasomy 12p</Name>
                    <DisorderType id="21401">
                      <Name lang="en">Malformation syndrome</Name>
                    </DisorderType>
                  </Disorder>
                  <ClassificationNodeChildList count="0">
                  </ClassificationNodeChildList>
                </ClassificationNode>
                <ClassificationNode>
                  <Disorder id="612">
                    <OrphaNumber>287</OrphaNumber>
                    <ExpertLink lang="en">http://www.orpha.net/consor/cgi-bin/OC_Exp.php?lng=en&amp;Expert=287</ExpertLink>
                    <Name lang="en">Classical Ehlers-Danlos syndrome</Name>
                    <DisorderType id="21394">
                      <Name lang="en">Disease</Name>
                    </DisorderType>
                  </Disorder>
                  <ClassificationNodeChildList count="0">
                  </ClassificationNodeChildList>
                </ClassificationNode>
                <ClassificationNode>
                  <Disorder id="912">
                    <OrphaNumber>373</OrphaNumber>
                    <ExpertLink lang="en">http://www.orpha.net/consor/cgi-bin/OC_Exp.php?lng=en&amp;Expert=373</ExpertLink>
                    <Name lang="en">Simpson-Golabi-Behmel syndrome</Name>
                    <DisorderType id="21401">
                      <Name lang="en">Malformation syndrome</Name>
                    </DisorderType>
                  </Disorder>
                  <ClassificationNodeChildList count="0">
                  </ClassificationNodeChildList>
                </ClassificationNode>
                <ClassificationNode>
                  <Disorder id="1306">
                    <OrphaNumber>991</OrphaNumber>
                    <ExpertLink lang="en">http://www.orpha.net/consor/cgi-bin/OC_Exp.php?lng=en&amp;Expert=991</ExpertLink>
                    <Name lang="en">PAGOD syndrome</Name>
                    <DisorderType id="21401">
                      <Name lang="en">Malformation syndrome</Name>
                    </DisorderType>
                  </Disorder>
                  <ClassificationNodeChildList count="0">
                  </ClassificationNodeChildList>
                </ClassificationNode>
                <ClassificationNode>
                  <Disorder id="1554">
                    <OrphaNumber>1335</OrphaNumber>
                    <ExpertLink lang="en">http://www.orpha.net/consor/cgi-bin/OC_Exp.php?lng=en&amp;Expert=1335</ExpertLink>
                    <Name lang="en">Pentalogy of Cantrell</Name>
                    <DisorderType id="21401">
                      <Name lang="en">Malformation syndrome</Name>
                    </DisorderType>
                  </Disorder>
                  <ClassificationNodeChildList count="0">
                  </ClassificationNodeChildList>
                </ClassificationNode>
                <ClassificationNode>
                  <Disorder id="2040">
                    <OrphaNumber>2141</OrphaNumber>
                    <ExpertLink lang="en">http://www.orpha.net/consor/cgi-bin/OC_Exp.php?lng=en&amp;Expert=2141</ExpertLink>
                    <Name lang="en">Diaphragmatic defect-limb deficiency-skull defect syndrome</Name>
                    <DisorderType id="21401">
                      <Name lang="en">Malformation syndrome</Name>
                    </DisorderType>
                  </Disorder>
                  <ClassificationNodeChildList count="0">
                  </ClassificationNodeChildList>
                </ClassificationNode>
                <ClassificationNode>
                  <Disorder id="2043">
                    <OrphaNumber>2143</OrphaNumber>
                    <ExpertLink lang="en">http://www.orpha.net/consor/cgi-bin/OC_Exp.php?lng=en&amp;Expert=2143</ExpertLink>
                    <Name lang="en">Donnai-Barrow syndrome</Name>
                    <DisorderType id="21401">
                      <Name lang="en">Malformation syndrome</Name>
                    </DisorderType>
                  </Disorder>
                  <ClassificationNodeChildList count="0">
                  </ClassificationNodeChildList>
                </ClassificationNode>
                <ClassificationNode>
                  <Disorder id="2177">
                    <OrphaNumber>2322</OrphaNumber>
                    <ExpertLink lang="en">http://www.orpha.net/consor/cgi-bin/OC_Exp.php?lng=en&amp;Expert=2322</ExpertLink>
                    <Name lang="en">Kabuki syndrome</Name>
                    <DisorderType id="21401">
                      <Name lang="en">Malformation syndrome</Name>
                    </DisorderType>
                  </Disorder>
                  <ClassificationNodeChildList count="0">
                  </ClassificationNodeChildList>
                </ClassificationNode>
                <ClassificationNode>
                  <Disorder id="2283">
                    <OrphaNumber>2470</OrphaNumber>
                    <ExpertLink lang="en">http://www.orpha.net/consor/cgi-bin/OC_Exp.php?lng=en&amp;Expert=2470</ExpertLink>
                    <Name lang="en">Matthew-Wood syndrome</Name>
                    <DisorderType id="21401">
                      <Name lang="en">Malformation syndrome</Name>
                    </DisorderType>
                  </Disorder>
                  <ClassificationNodeChildList count="0">
                  </ClassificationNodeChildList>
                </ClassificationNode>
                <ClassificationNode>
                  <Disorder id="3569">
                    <OrphaNumber>209</OrphaNumber>
                    <ExpertLink lang="en">http://www.orpha.net/consor/cgi-bin/OC_Exp.php?lng=en&amp;Expert=209</ExpertLink>
                    <Name lang="en">Cutis laxa</Name>
                    <DisorderType id="21436">
                      <Name lang="en">Group of phenomes</Name>
                    </DisorderType>
                  </Disorder>
                  <ClassificationNodeChildList count="11">
                    <ClassificationNode>
                      <Disorder id="1993">
                        <OrphaNumber>2078</OrphaNumber>
                        <ExpertLink lang="en">http://www.orpha.net/consor/cgi-bin/OC_Exp.php?lng=en&amp;Expert=2078</ExpertLink>
                        <Name lang="en">Geroderma osteodysplastica</Name>
                        <DisorderType id="21401">
                          <Name lang="en">Malformation syndrome</Name>
                        </DisorderType>
                      </Disorder>
                      <ClassificationNodeChildList count="0">
                      </ClassificationNodeChildList>
                    </ClassificationNode>
                    <ClassificationNode>
                      <Disorder id="2673">
                        <OrphaNumber>2962</OrphaNumber>
                        <ExpertLink lang="en">http://www.orpha.net/consor/cgi-bin/OC_Exp.php?lng=en&amp;Expert=2962</ExpertLink>
                        <Name lang="en">De Barsy syndrome</Name>
                        <DisorderType id="21394">
                          <Name lang="en">Disease</Name>
                        </DisorderType>
                      </Disorder>
                      <ClassificationNodeChildList count="2">
                        <ClassificationNode>
                          <Disorder id="10381">
                            <OrphaNumber>35664</OrphaNumber>
                            <ExpertLink lang="en">http://www.orpha.net/consor/cgi-bin/OC_Exp.php?lng=en&amp;Expert=35664</ExpertLink>
                            <Name lang="en">ALDH18A1-related De Barsy syndrome</Name>
                            <DisorderType id="21443">
                              <Name lang="en">Etiological subtype</Name>
                            </DisorderType>
                          </Disorder>
                          <ClassificationNodeChildList count="0">
                          </ClassificationNodeChildList>
                        </ClassificationNode>
                        <ClassificationNode>
                          <Disorder id="20864">
                            <OrphaNumber>293633</OrphaNumber>
                            <ExpertLink lang="en">http://www.orpha.net/consor/cgi-bin/OC_Exp.php?lng=en&amp;Expert=293633</ExpertLink>
                            <Name lang="en">PYCR1-related De Barsy syndrome</Name>
                            <DisorderType id="21443">
                              <Name lang="en">Etiological subtype</Name>
                            </DisorderType>
                          </Disorder>
                          <ClassificationNodeChildList count="0">
                          </ClassificationNodeChildList>
                        </ClassificationNode>
                      </ClassificationNodeChildList>
                    </ClassificationNode>
                    <ClassificationNode>
                      <Disorder id="2805">
                        <OrphaNumber>3134</OrphaNumber>
                        <ExpertLink lang="en">http://www.orpha.net/consor/cgi-bin/OC_Exp.php?lng=en&amp;Expert=3134</ExpertLink>
                        <Name lang="en">SCARF syndrome</Name>
                        <DisorderType id="21401">
                          <Name lang="en">Malformation syndrome</Name>
                        </DisorderType>
                      </Disorder>
                      <ClassificationNodeChildList count="0">
                      </ClassificationNodeChildList>
                    </ClassificationNode>
                    <ClassificationNode>
                      <Disorder id="2965">
                        <OrphaNumber>3342</OrphaNumber>
                        <ExpertLink lang="en">http://www.orpha.net/consor/cgi-bin/OC_Exp.php?lng=en&amp;Expert=3342</ExpertLink>
                        <Name lang="en">Arterial tortuosity syndrome</Name>
                        <DisorderType id="21401">
                          <Name lang="en">Malformation syndrome</Name>
                        </DisorderType>
                      </Disorder>
                      <ClassificationNodeChildList count="0">
                      </ClassificationNodeChildList>
                    </ClassificationNode>
                    <ClassificationNode>
                      <Disorder id="7035">
                        <OrphaNumber>198</OrphaNumber>
                        <ExpertLink lang="en">http://www.orpha.net/consor/cgi-bin/OC_Exp.php?lng=en&amp;Expert=198</ExpertLink>
                        <Name lang="en">Occipital horn syndrome</Name>
                        <DisorderType id="21394">
                          <Name lang="en">Disease</Name>
                        </DisorderType>
                      </Disorder>
                      <ClassificationNodeChildList count="0">
                      </ClassificationNodeChildList>
                    </ClassificationNode>
                    <ClassificationNode>
                      <Disorder id="12024">
                        <OrphaNumber>90348</OrphaNumber>
                        <ExpertLink lang="en">http://www.orpha.net/consor/cgi-bin/OC_Exp.php?lng=en&amp;Expert=90348</ExpertLink>
                        <Name lang="en">Autosomal dominant cutis laxa</Name>
                        <DisorderType id="21394">
                          <Name lang="en">Disease</Name>
                        </DisorderType>
                      </Disorder>
                      <ClassificationNodeChildList count="0">
                      </ClassificationNodeChildList>
                    </ClassificationNode>
                    <ClassificationNode>
                      <Disorder id="12025">
                        <OrphaNumber>90349</OrphaNumber>
                        <ExpertLink lang="en">http://www.orpha.net/consor/cgi-bin/OC_Exp.php?lng=en&amp;Expert=90349</ExpertLink>
                        <Name lang="en">Autosomal recessive cutis laxa type 1</Name>
                        <DisorderType id="21394">
                          <Name lang="en">Disease</Name>
                        </DisorderType>
                      </Disorder>
                      <ClassificationNodeChildList count="0">
                      </ClassificationNodeChildList>
                    </ClassificationNode>
                    <ClassificationNode>
                      <Disorder id="12026">
                        <OrphaNumber>90350</OrphaNumber>
                        <ExpertLink lang="en">http://www.orpha.net/consor/cgi-bin/OC_Exp.php?lng=en&amp;Expert=90350</ExpertLink>
                        <Name lang="en">Autosomal recessive cutis laxa type 2</Name>
                        <DisorderType id="21436">
                          <Name lang="en">Group of phenomes</Name>
                        </DisorderType>
                      </Disorder>
                      <ClassificationNodeChildList count="2">
                        <ClassificationNode>
                          <Disorder id="22201">
                            <OrphaNumber>357058</OrphaNumber>
                            <ExpertLink lang="en">http://www.orpha.net/consor/cgi-bin/OC_Exp.php?lng=en&amp;Expert=357058</ExpertLink>
                            <Name lang="en">Autosomal recessive cutis laxa type 2A</Name>
                            <DisorderType id="21394">
                              <Name lang="en">Disease</Name>
                            </DisorderType>
                          </Disorder>
                          <ClassificationNodeChildList count="2">
                            <ClassificationNode>
                              <Disorder id="2571">
                                <OrphaNumber>2834</OrphaNumber>
                                <ExpertLink lang="en">http://www.orpha.net/consor/cgi-bin/OC_Exp.php?lng=en&amp;Expert=2834</ExpertLink>
                                <Name lang="en">Wrinkly skin syndrome</Name>
                                <DisorderType id="21450">
                                  <Name lang="en">Clinical subtype</Name>
                                </DisorderType>
                              </Disorder>
                              <ClassificationNodeChildList count="0">
                              </ClassificationNodeChildList>
                            </ClassificationNode>
                            <ClassificationNode>
                              <Disorder id="22203">
                                <OrphaNumber>357074</OrphaNumber>
                                <ExpertLink lang="en">http://www.orpha.net/consor/cgi-bin/OC_Exp.php?lng=en&amp;Expert=357074</ExpertLink>
                                <Name lang="en">Autosomal recessive cutis laxa type 2, classic type</Name>
                                <DisorderType id="21450">
                                  <Name lang="en">Clinical subtype</Name>
                                </DisorderType>
                              </Disorder>
                              <ClassificationNodeChildList count="0">
                              </ClassificationNodeChildList>
                            </ClassificationNode>
                          </ClassificationNodeChildList>
                        </ClassificationNode>
                        <ClassificationNode>
                          <Disorder id="22202">
                            <OrphaNumber>357064</OrphaNumber>
                            <ExpertLink lang="en">http://www.orpha.net/consor/cgi-bin/OC_Exp.php?lng=en&amp;Expert=357064</ExpertLink>
                            <Name lang="en">Autosomal recessive cutis laxa type 2B</Name>
                            <DisorderType id="21394">
                              <Name lang="en">Disease</Name>
                            </DisorderType>
                          </Disorder>
                          <ClassificationNodeChildList count="0">
                          </ClassificationNodeChildList>
                        </ClassificationNode>
                      </ClassificationNodeChildList>
                    </ClassificationNode>
                    <ClassificationNode>
                      <Disorder id="18846">
                        <OrphaNumber>217335</OrphaNumber>
                        <ExpertLink lang="en">http://www.orpha.net/consor/cgi-bin/OC_Exp.php?lng=en&amp;Expert=217335</ExpertLink>
                        <Name lang="en">RIN2 syndrome</Name>
                        <DisorderType id="21401">
                          <Name lang="en">Malformation syndrome</Name>
                        </DisorderType>
                      </Disorder>
                      <ClassificationNodeChildList count="0">
                      </ClassificationNodeChildList>
                    </ClassificationNode>
                    <ClassificationNode>
                      <Disorder id="18949">
                        <OrphaNumber>221145</OrphaNumber>
                        <ExpertLink lang="en">http://www.orpha.net/consor/cgi-bin/OC_Exp.php?lng=en&amp;Expert=221145</ExpertLink>
                        <Name lang="en">Cutis laxa with severe pulmonary, gastrointestinal and urinary anomalies</Name>
                        <DisorderType id="21401">
                          <Name lang="en">Malformation syndrome</Name>
                        </DisorderType>
                      </Disorder>
                      <ClassificationNodeChildList count="0">
                      </ClassificationNodeChildList>
                    </ClassificationNode>
                    <ClassificationNode>
                      <Disorder id="21520">
                        <OrphaNumber>314718</OrphaNumber>
                        <ExpertLink lang="en">http://www.orpha.net/consor/cgi-bin/OC_Exp.php?lng=en&amp;Expert=314718</ExpertLink>
                        <Name lang="en">Lethal arteriopathy syndrome due to fibulin-4 deficiency</Name>
                        <DisorderType id="21394">
                          <Name lang="en">Disease</Name>
                        </DisorderType>
                      </Disorder>
                      <ClassificationNodeChildList count="0">
                      </ClassificationNodeChildList>
                    </ClassificationNode>
                  </ClassificationNodeChildList>
                </ClassificationNode>
                <ClassificationNode>
                  <Disorder id="12794">
                    <OrphaNumber>96170</OrphaNumber>
                    <ExpertLink lang="en">http://www.orpha.net/consor/cgi-bin/OC_Exp.php?lng=en&amp;Expert=96170</ExpertLink>
                    <Name lang="en">Emanuel syndrome</Name>
                    <DisorderType id="21401">
                      <Name lang="en">Malformation syndrome</Name>
                    </DisorderType>
                  </Disorder>
                  <ClassificationNodeChildList count="0">
                  </ClassificationNodeChildList>
                </ClassificationNode>
                <ClassificationNode>
                  <Disorder id="19142">
                    <OrphaNumber>230839</OrphaNumber>
                    <ExpertLink lang="en">http://www.orpha.net/consor/cgi-bin/OC_Exp.php?lng=en&amp;Expert=230839</ExpertLink>
                    <Name lang="en">Classical-like Ehlers-Danlos syndrome type 1</Name>
                    <DisorderType id="21394">
                      <Name lang="en">Disease</Name>
                    </DisorderType>
                  </Disorder>
                  <ClassificationNodeChildList count="0">
                  </ClassificationNodeChildList>
                </ClassificationNode>
                <ClassificationNode>
                  <Disorder id="27458">
                    <OrphaNumber>527468</OrphaNumber>
                    <ExpertLink lang="en">http://www.orpha.net/consor/cgi-bin/OC_Exp.php?lng=en&amp;Expert=527468</ExpertLink>
                    <Name lang="en">Diaphragmatic hernia-short bowel-asplenia syndrome</Name>
                    <DisorderType id="21401">
                      <Name lang="en">Malformation syndrome</Name>
                    </DisorderType>
                  </Disorder>
                  <ClassificationNodeChildList count="0">
                  </ClassificationNodeChildList>
                </ClassificationNode>
              </ClassificationNodeChildList>
            </ClassificationNode>
            <ClassificationNode>
              <Disorder id="20633">
                <OrphaNumber>285014</OrphaNumber>
                <ExpertLink lang="en">http://www.orpha.net/consor/cgi-bin/OC_Exp.php?lng=en&amp;Expert=285014</ExpertLink>
                <Name lang="en">Rare disease with thoracic aortic aneurysm and aortic dissection</Name>
                <DisorderType id="21436">
                  <Name lang="en">Group of phenomes</Name>
                </DisorderType>
              </Disorder>
              <ClassificationNodeChildList count="10">
                <ClassificationNode>
                  <Disorder id="109">
                    <OrphaNumber>558</OrphaNumber>
                    <ExpertLink lang="en">http://www.orpha.net/consor/cgi-bin/OC_Exp.php?lng=en&amp;Expert=558</ExpertLink>
                    <Name lang="en">Marfan syndrome</Name>
                    <DisorderType id="21394">
                      <Name lang="en">Disease</Name>
                    </DisorderType>
                  </Disorder>
                  <ClassificationNodeChildList count="2">
                    <ClassificationNode>
                      <Disorder id="20628">
                        <OrphaNumber>284963</OrphaNumber>
                        <ExpertLink lang="en">http://www.orpha.net/consor/cgi-bin/OC_Exp.php?lng=en&amp;Expert=284963</ExpertLink>
                        <Name lang="en">Marfan syndrome type 1</Name>
                        <DisorderType id="21450">
                          <Name lang="en">Clinical subtype</Name>
                        </DisorderType>
                      </Disorder>
                      <ClassificationNodeChildList count="0">
                      </ClassificationNodeChildList>
                    </ClassificationNode>
                    <ClassificationNode>
                      <Disorder id="20629">
                        <OrphaNumber>284973</OrphaNumber>
                        <ExpertLink lang="en">http://www.orpha.net/consor/cgi-bin/OC_Exp.php?lng=en&amp;Expert=284973</ExpertLink>
                        <Name lang="en">Marfan syndrome type 2</Name>
                        <DisorderType id="21450">
                          <Name lang="en">Clinical subtype</Name>
                        </DisorderType>
                      </Disorder>
                      <ClassificationNodeChildList count="0">
                      </ClassificationNodeChildList>
                    </ClassificationNode>
                  </ClassificationNodeChildList>
                </ClassificationNode>
                <ClassificationNode>
                  <Disorder id="2965">
                    <OrphaNumber>3342</OrphaNumber>
                    <ExpertLink lang="en">http://www.orpha.net/consor/cgi-bin/OC_Exp.php?lng=en&amp;Expert=3342</ExpertLink>
                    <Name lang="en">Arterial tortuosity syndrome</Name>
                    <DisorderType id="21401">
                      <Name lang="en">Malformation syndrome</Name>
                    </DisorderType>
                  </Disorder>
                  <ClassificationNodeChildList count="0">
                  </ClassificationNodeChildList>
                </ClassificationNode>
                <ClassificationNode>
                  <Disorder id="4042">
                    <OrphaNumber>286</OrphaNumber>
                    <ExpertLink lang="en">http://www.orpha.net/consor/cgi-bin/OC_Exp.php?lng=en&amp;Expert=286</ExpertLink>
                    <Name lang="en">Vascular Ehlers-Danlos syndrome</Name>
                    <DisorderType id="21394">
                      <Name lang="en">Disease</Name>
                    </DisorderType>
                  </Disorder>
                  <ClassificationNodeChildList count="0">
                  </ClassificationNodeChildList>
                </ClassificationNode>
                <ClassificationNode>
                  <Disorder id="10799">
                    <OrphaNumber>60030</OrphaNumber>
                    <ExpertLink lang="en">http://www.orpha.net/consor/cgi-bin/OC_Exp.php?lng=en&amp;Expert=60030</ExpertLink>
                    <Name lang="en">Loeys-Dietz syndrome</Name>
                    <DisorderType id="21401">
                      <Name lang="en">Malformation syndrome</Name>
                    </DisorderType>
                  </Disorder>
                  <ClassificationNodeChildList count="0">
                  </ClassificationNodeChildList>
                </ClassificationNode>
                <ClassificationNode>
                  <Disorder id="12138">
                    <OrphaNumber>91387</OrphaNumber>
                    <ExpertLink lang="en">http://www.orpha.net/consor/cgi-bin/OC_Exp.php?lng=en&amp;Expert=91387</ExpertLink>
                    <Name lang="en">Familial thoracic aortic aneurysm and aortic dissection</Name>
                    <DisorderType id="21394">
                      <Name lang="en">Disease</Name>
                    </DisorderType>
                  </Disorder>
                  <ClassificationNodeChildList count="0">
                  </ClassificationNodeChildList>
                </ClassificationNode>
                <ClassificationNode>
                  <Disorder id="20630">
                    <OrphaNumber>284979</OrphaNumber>
                    <ExpertLink lang="en">http://www.orpha.net/consor/cgi-bin/OC_Exp.php?lng=en&amp;Expert=284979</ExpertLink>
                    <Name lang="en">Neonatal Marfan syndrome</Name>
                    <DisorderType id="21394">
                      <Name lang="en">Disease</Name>
                    </DisorderType>
                  </Disorder>
                  <ClassificationNodeChildList count="0">
                  </ClassificationNodeChildList>
                </ClassificationNode>
                <ClassificationNode>
                  <Disorder id="20631">
                    <OrphaNumber>284984</OrphaNumber>
                    <ExpertLink lang="en">http://www.orpha.net/consor/cgi-bin/OC_Exp.php?lng=en&amp;Expert=284984</ExpertLink>
                    <Name lang="en">Aneurysm-osteoarthritis syndrome</Name>
                    <DisorderType id="21394">
                      <Name lang="en">Disease</Name>
                    </DisorderType>
                  </Disorder>
                  <ClassificationNodeChildList count="0">
                  </ClassificationNodeChildList>
                </ClassificationNode>
                <ClassificationNode>
                  <Disorder id="22877">
                    <OrphaNumber>402075</OrphaNumber>
                    <ExpertLink lang="en">http://www.orpha.net/consor/cgi-bin/OC_Exp.php?lng=en&amp;Expert=402075</ExpertLink>
                    <Name lang="en">Familial bicuspid aortic valve</Name>
                    <DisorderType id="21415">
                      <Name lang="en">Morphological anomaly</Name>
                    </DisorderType>
                  </Disorder>
                  <ClassificationNodeChildList count="0">
                  </ClassificationNodeChildList>
                </ClassificationNode>
                <ClassificationNode>
                  <Disorder id="3258">
                    <OrphaNumber>229</OrphaNumber>
                    <ExpertLink lang="en">http://www.orpha.net/consor/cgi-bin/OC_Exp.php?lng=en&amp;Expert=229</ExpertLink>
                    <Name lang="en">Familial aortic dissection</Name>
                    <DisorderType id="21394">
                      <Name lang="en">Disease</Name>
                    </DisorderType>
                  </Disorder>
                  <ClassificationNodeChildList count="0">
                  </ClassificationNodeChildList>
                </ClassificationNode>
                <ClassificationNode>
                  <Disorder id="22924">
                    <OrphaNumber>404463</OrphaNumber>
                    <ExpertLink lang="en">http://www.orpha.net/consor/cgi-bin/OC_Exp.php?lng=en&amp;Expert=404463</ExpertLink>
                    <Name lang="en">Multisystemic smooth muscle dysfunction syndrome</Name>
                    <DisorderType id="21394">
                      <Name lang="en">Disease</Name>
                    </DisorderType>
                  </Disorder>
                  <ClassificationNodeChildList count="0">
                  </ClassificationNodeChildList>
                </ClassificationNode>
              </ClassificationNodeChildList>
            </ClassificationNode>
          </ClassificationNodeChildList>
        </ClassificationNode>
      </ClassificationNodeRootList>
    </Classification>
  </ClassificationList>
</JDBOR>
