<?xml version="1.0" encoding="ISO-8859-1"?>
<JDBOR date="2019-05-15 11:17:37" version="1.2.11 / 4.1.6 [2018-04-12] (orientdb version)" copyright="Orphanet (c) 2019">
  <ClassificationList count="1">
    <Classification id="212">
      <OrphaNumber>164832</OrphaNumber>
      <ExpertLink lang="en">http://www.orpha.net/consor/cgi-bin/OC_Exp.php?lng=en&amp;Expert=164832</ExpertLink>
      <ClassificationFlagList count="1">
        <ClassificationFlag id="28">
          <Value>2</Value>
          <Label>Pat</Label>
        </ClassificationFlag>
      </ClassificationFlagList>
      <Name lang="en">Orphanet classification of rare allergic disease</Name>
      <ClassificationNodeRootList count="3">
        <ClassificationNode>
          <Disorder id="11482">
            <OrphaNumber>79456</OrphaNumber>
            <ExpertLink lang="en">http://www.orpha.net/consor/cgi-bin/OC_Exp.php?lng=en&amp;Expert=79456</ExpertLink>
            <Name lang="en">Diffuse cutaneous mastocytosis</Name>
          </Disorder>
          <ClassificationNodeChildList count="2">
            <ClassificationNode>
              <Disorder id="20501">
                <OrphaNumber>280785</OrphaNumber>
                <ExpertLink lang="en">http://www.orpha.net/consor/cgi-bin/OC_Exp.php?lng=en&amp;Expert=280785</ExpertLink>
                <Name lang="en">Bullous diffuse cutaneous mastocytosis</Name>
                <DisorderType id="21450">
                  <Name lang="en">Clinical subtype</Name>
                </DisorderType>
              </Disorder>
              <ClassificationNodeChildList count="0">
              </ClassificationNodeChildList>
            </ClassificationNode>
            <ClassificationNode>
              <Disorder id="20502">
                <OrphaNumber>280794</OrphaNumber>
                <ExpertLink lang="en">http://www.orpha.net/consor/cgi-bin/OC_Exp.php?lng=en&amp;Expert=280794</ExpertLink>
                <Name lang="en">Pseudoxanthomatous diffuse cutaneous mastocytosis</Name>
                <DisorderType id="21450">
                  <Name lang="en">Clinical subtype</Name>
                </DisorderType>
              </Disorder>
              <ClassificationNodeChildList count="0">
              </ClassificationNodeChildList>
            </ClassificationNode>
          </ClassificationNodeChildList>
        </ClassificationNode>
        <ClassificationNode>
          <Disorder id="11483">
            <OrphaNumber>79457</OrphaNumber>
            <ExpertLink lang="en">http://www.orpha.net/consor/cgi-bin/OC_Exp.php?lng=en&amp;Expert=79457</ExpertLink>
            <Name lang="en">Maculopapular cutaneous mastocytosis</Name>
          </Disorder>
          <ClassificationNodeChildList count="4">
            <ClassificationNode>
              <Disorder id="12033">
                <OrphaNumber>90389</OrphaNumber>
                <ExpertLink lang="en">http://www.orpha.net/consor/cgi-bin/OC_Exp.php?lng=en&amp;Expert=90389</ExpertLink>
                <Name lang="en">Telangiectasia macularis eruptiva perstans</Name>
                <DisorderType id="21450">
                  <Name lang="en">Clinical subtype</Name>
                </DisorderType>
              </Disorder>
              <ClassificationNodeChildList count="0">
              </ClassificationNodeChildList>
            </ClassificationNode>
            <ClassificationNode>
              <Disorder id="17238">
                <OrphaNumber>158766</OrphaNumber>
                <ExpertLink lang="en">http://www.orpha.net/consor/cgi-bin/OC_Exp.php?lng=en&amp;Expert=158766</ExpertLink>
                <Name lang="en">Typical urticaria pigmentosa</Name>
                <DisorderType id="21450">
                  <Name lang="en">Clinical subtype</Name>
                </DisorderType>
              </Disorder>
              <ClassificationNodeChildList count="0">
              </ClassificationNodeChildList>
            </ClassificationNode>
            <ClassificationNode>
              <Disorder id="17239">
                <OrphaNumber>158769</OrphaNumber>
                <ExpertLink lang="en">http://www.orpha.net/consor/cgi-bin/OC_Exp.php?lng=en&amp;Expert=158769</ExpertLink>
                <Name lang="en">Plaque-form urticaria pigmentosa</Name>
                <DisorderType id="21450">
                  <Name lang="en">Clinical subtype</Name>
                </DisorderType>
              </Disorder>
              <ClassificationNodeChildList count="0">
              </ClassificationNodeChildList>
            </ClassificationNode>
            <ClassificationNode>
              <Disorder id="17240">
                <OrphaNumber>158772</OrphaNumber>
                <ExpertLink lang="en">http://www.orpha.net/consor/cgi-bin/OC_Exp.php?lng=en&amp;Expert=158772</ExpertLink>
                <Name lang="en">Nodular urticaria pigmentosa</Name>
                <DisorderType id="21450">
                  <Name lang="en">Clinical subtype</Name>
                </DisorderType>
              </Disorder>
              <ClassificationNodeChildList count="0">
              </ClassificationNodeChildList>
            </ClassificationNode>
          </ClassificationNodeChildList>
        </ClassificationNode>
        <ClassificationNode>
          <Disorder id="13068">
            <OrphaNumber>98050</OrphaNumber>
            <ExpertLink lang="en">http://www.orpha.net/consor/cgi-bin/OC_Exp.php?lng=en&amp;Expert=98050</ExpertLink>
            <Name lang="en">Rare allergic disease</Name>
          </Disorder>
          <ClassificationNodeChildList count="4">
            <ClassificationNode>
              <Disorder id="8618">
                <OrphaNumber>658</OrphaNumber>
                <ExpertLink lang="en">http://www.orpha.net/consor/cgi-bin/OC_Exp.php?lng=en&amp;Expert=658</ExpertLink>
                <Name lang="en">Non-histaminic angioedema</Name>
                <DisorderType id="21436">
                  <Name lang="en">Group of phenomes</Name>
                </DisorderType>
              </Disorder>
              <ClassificationNodeChildList count="2">
                <ClassificationNode>
                  <Disorder id="12136">
                    <OrphaNumber>91378</OrphaNumber>
                    <ExpertLink lang="en">http://www.orpha.net/consor/cgi-bin/OC_Exp.php?lng=en&amp;Expert=91378</ExpertLink>
                    <Name lang="en">Hereditary angioedema</Name>
                    <DisorderType id="21436">
                      <Name lang="en">Group of phenomes</Name>
                    </DisorderType>
                  </Disorder>
                  <ClassificationNodeChildList count="2">
                    <ClassificationNode>
                      <Disorder id="27541">
                        <OrphaNumber>528623</OrphaNumber>
                        <ExpertLink lang="en">http://www.orpha.net/consor/cgi-bin/OC_Exp.php?lng=en&amp;Expert=528623</ExpertLink>
                        <Name lang="en">Hereditary angioedema with C1Inh deficiency</Name>
                        <DisorderType id="21394">
                          <Name lang="en">Disease</Name>
                        </DisorderType>
                      </Disorder>
                      <ClassificationNodeChildList count="2">
                        <ClassificationNode>
                          <Disorder id="14623">
                            <OrphaNumber>100050</OrphaNumber>
                            <ExpertLink lang="en">http://www.orpha.net/consor/cgi-bin/OC_Exp.php?lng=en&amp;Expert=100050</ExpertLink>
                            <Name lang="en">Hereditary angioedema type 1</Name>
                            <DisorderType id="21443">
                              <Name lang="en">Etiological subtype</Name>
                            </DisorderType>
                          </Disorder>
                          <ClassificationNodeChildList count="0">
                          </ClassificationNodeChildList>
                        </ClassificationNode>
                        <ClassificationNode>
                          <Disorder id="14624">
                            <OrphaNumber>100051</OrphaNumber>
                            <ExpertLink lang="en">http://www.orpha.net/consor/cgi-bin/OC_Exp.php?lng=en&amp;Expert=100051</ExpertLink>
                            <Name lang="en">Hereditary angioedema type 2</Name>
                            <DisorderType id="21443">
                              <Name lang="en">Etiological subtype</Name>
                            </DisorderType>
                          </Disorder>
                          <ClassificationNodeChildList count="0">
                          </ClassificationNodeChildList>
                        </ClassificationNode>
                      </ClassificationNodeChildList>
                    </ClassificationNode>
                    <ClassificationNode>
                      <Disorder id="27542">
                        <OrphaNumber>528647</OrphaNumber>
                        <ExpertLink lang="en">http://www.orpha.net/consor/cgi-bin/OC_Exp.php?lng=en&amp;Expert=528647</ExpertLink>
                        <Name lang="en">Hereditary angioedema with normal C1Inh</Name>
                        <DisorderType id="21394">
                          <Name lang="en">Disease</Name>
                        </DisorderType>
                      </Disorder>
                      <ClassificationNodeChildList count="3">
                        <ClassificationNode>
                          <Disorder id="14627">
                            <OrphaNumber>100054</OrphaNumber>
                            <ExpertLink lang="en">http://www.orpha.net/consor/cgi-bin/OC_Exp.php?lng=en&amp;Expert=100054</ExpertLink>
                            <Name lang="en">F12-related hereditary angioedema with normal C1Inh</Name>
                            <DisorderType id="21443">
                              <Name lang="en">Etiological subtype</Name>
                            </DisorderType>
                          </Disorder>
                          <ClassificationNodeChildList count="0">
                          </ClassificationNodeChildList>
                        </ClassificationNode>
                        <ClassificationNode>
                          <Disorder id="27892">
                            <OrphaNumber>537072</OrphaNumber>
                            <ExpertLink lang="en">http://www.orpha.net/consor/cgi-bin/OC_Exp.php?lng=en&amp;Expert=537072</ExpertLink>
                            <Name lang="en">PLG-related hereditary angioedema with normal C1Inh</Name>
                            <DisorderType id="21443">
                              <Name lang="en">Etiological subtype</Name>
                            </DisorderType>
                          </Disorder>
                          <ClassificationNodeChildList count="0">
                          </ClassificationNodeChildList>
                        </ClassificationNode>
                        <ClassificationNode>
                          <Disorder id="27912">
                            <OrphaNumber>537891</OrphaNumber>
                            <ExpertLink lang="en">http://www.orpha.net/consor/cgi-bin/OC_Exp.php?lng=en&amp;Expert=537891</ExpertLink>
                            <Name lang="en">ANGPT1-related hereditary angioedema with normal C1Inh</Name>
                            <DisorderType id="21443">
                              <Name lang="en">Etiological subtype</Name>
                            </DisorderType>
                          </Disorder>
                          <ClassificationNodeChildList count="0">
                          </ClassificationNodeChildList>
                        </ClassificationNode>
                      </ClassificationNodeChildList>
                    </ClassificationNode>
                  </ClassificationNodeChildList>
                </ClassificationNode>
                <ClassificationNode>
                  <Disorder id="12137">
                    <OrphaNumber>91385</OrphaNumber>
                    <ExpertLink lang="en">http://www.orpha.net/consor/cgi-bin/OC_Exp.php?lng=en&amp;Expert=91385</ExpertLink>
                    <Name lang="en">Acquired angioedema</Name>
                    <DisorderType id="21436">
                      <Name lang="en">Group of phenomes</Name>
                    </DisorderType>
                  </Disorder>
                  <ClassificationNodeChildList count="2">
                    <ClassificationNode>
                      <Disorder id="27543">
                        <OrphaNumber>528663</OrphaNumber>
                        <ExpertLink lang="en">http://www.orpha.net/consor/cgi-bin/OC_Exp.php?lng=en&amp;Expert=528663</ExpertLink>
                        <Name lang="en">Acquired angioedema with C1Inh deficiency</Name>
                        <DisorderType id="21394">
                          <Name lang="en">Disease</Name>
                        </DisorderType>
                      </Disorder>
                      <ClassificationNodeChildList count="2">
                        <ClassificationNode>
                          <Disorder id="14628">
                            <OrphaNumber>100055</OrphaNumber>
                            <ExpertLink lang="en">http://www.orpha.net/consor/cgi-bin/OC_Exp.php?lng=en&amp;Expert=100055</ExpertLink>
                            <Name lang="en">Acquired angioedema type 2</Name>
                            <DisorderType id="21450">
                              <Name lang="en">Clinical subtype</Name>
                            </DisorderType>
                          </Disorder>
                          <ClassificationNodeChildList count="0">
                          </ClassificationNodeChildList>
                        </ClassificationNode>
                        <ClassificationNode>
                          <Disorder id="14629">
                            <OrphaNumber>100056</OrphaNumber>
                            <ExpertLink lang="en">http://www.orpha.net/consor/cgi-bin/OC_Exp.php?lng=en&amp;Expert=100056</ExpertLink>
                            <Name lang="en">Acquired angioedema type 1</Name>
                            <DisorderType id="21450">
                              <Name lang="en">Clinical subtype</Name>
                            </DisorderType>
                          </Disorder>
                          <ClassificationNodeChildList count="0">
                          </ClassificationNodeChildList>
                        </ClassificationNode>
                      </ClassificationNodeChildList>
                    </ClassificationNode>
                    <ClassificationNode>
                      <Disorder id="14630">
                        <OrphaNumber>100057</OrphaNumber>
                        <ExpertLink lang="en">http://www.orpha.net/consor/cgi-bin/OC_Exp.php?lng=en&amp;Expert=100057</ExpertLink>
                        <Name lang="en">Renin-angiotensin-aldosterone system-blocker-induced angioedema</Name>
                        <DisorderType id="21450">
                          <Name lang="en">Clinical subtype</Name>
                        </DisorderType>
                      </Disorder>
                      <ClassificationNodeChildList count="0">
                      </ClassificationNodeChildList>
                    </ClassificationNode>
                  </ClassificationNodeChildList>
                </ClassificationNode>
              </ClassificationNodeChildList>
            </ClassificationNode>
            <ClassificationNode>
              <Disorder id="11410">
                <OrphaNumber>79384</OrphaNumber>
                <ExpertLink lang="en">http://www.orpha.net/consor/cgi-bin/OC_Exp.php?lng=en&amp;Expert=79384</ExpertLink>
                <Name lang="en">Rare urticaria</Name>
                <DisorderType id="21436">
                  <Name lang="en">Group of phenomes</Name>
                </DisorderType>
              </Disorder>
              <ClassificationNodeChildList count="5">
                <ClassificationNode>
                  <Disorder id="2296">
                    <OrphaNumber>2483</OrphaNumber>
                    <ExpertLink lang="en">http://www.orpha.net/consor/cgi-bin/OC_Exp.php?lng=en&amp;Expert=2483</ExpertLink>
                    <Name lang="en">Melkersson-Rosenthal syndrome</Name>
                    <DisorderType id="21401">
                      <Name lang="en">Malformation syndrome</Name>
                    </DisorderType>
                  </Disorder>
                  <ClassificationNodeChildList count="0">
                  </ClassificationNodeChildList>
                </ClassificationNode>
                <ClassificationNode>
                  <Disorder id="10849">
                    <OrphaNumber>64745</OrphaNumber>
                    <ExpertLink lang="en">http://www.orpha.net/consor/cgi-bin/OC_Exp.php?lng=en&amp;Expert=64745</ExpertLink>
                    <Name lang="en">Pruritic urticarial papules and plaques of pregnancy</Name>
                    <DisorderType id="21394">
                      <Name lang="en">Disease</Name>
                    </DisorderType>
                  </Disorder>
                  <ClassificationNodeChildList count="0">
                  </ClassificationNodeChildList>
                </ClassificationNode>
                <ClassificationNode>
                  <Disorder id="16886">
                    <OrphaNumber>139402</OrphaNumber>
                    <ExpertLink lang="en">http://www.orpha.net/consor/cgi-bin/OC_Exp.php?lng=en&amp;Expert=139402</ExpertLink>
                    <Name lang="en">Drug rash with eosinophilia and systemic symptoms</Name>
                    <DisorderType id="21394">
                      <Name lang="en">Disease</Name>
                    </DisorderType>
                  </Disorder>
                  <ClassificationNodeChildList count="0">
                  </ClassificationNodeChildList>
                </ClassificationNode>
                <ClassificationNode>
                  <Disorder id="25553">
                    <OrphaNumber>493342</OrphaNumber>
                    <ExpertLink lang="en">http://www.orpha.net/consor/cgi-bin/OC_Exp.php?lng=en&amp;Expert=493342</ExpertLink>
                    <Name lang="en">Vibratory urticaria</Name>
                    <DisorderType id="21394">
                      <Name lang="en">Disease</Name>
                    </DisorderType>
                  </Disorder>
                  <ClassificationNodeChildList count="0">
                  </ClassificationNodeChildList>
                </ClassificationNode>
                <ClassificationNode>
                  <Disorder id="25555">
                    <OrphaNumber>493348</OrphaNumber>
                    <ExpertLink lang="en">http://www.orpha.net/consor/cgi-bin/OC_Exp.php?lng=en&amp;Expert=493348</ExpertLink>
                    <Name lang="en">Vibratory angioedema</Name>
                    <DisorderType id="21394">
                      <Name lang="en">Disease</Name>
                    </DisorderType>
                  </Disorder>
                  <ClassificationNodeChildList count="0">
                  </ClassificationNodeChildList>
                </ClassificationNode>
              </ClassificationNodeChildList>
            </ClassificationNode>
            <ClassificationNode>
              <Disorder id="13070">
                <OrphaNumber>98052</OrphaNumber>
                <ExpertLink lang="en">http://www.orpha.net/consor/cgi-bin/OC_Exp.php?lng=en&amp;Expert=98052</ExpertLink>
                <Name lang="en">Rare allergic respiratory disease</Name>
                <DisorderType id="21436">
                  <Name lang="en">Group of phenomes</Name>
                </DisorderType>
              </Disorder>
              <ClassificationNodeChildList count="3">
                <ClassificationNode>
                  <Disorder id="744">
                    <OrphaNumber>1164</OrphaNumber>
                    <ExpertLink lang="en">http://www.orpha.net/consor/cgi-bin/OC_Exp.php?lng=en&amp;Expert=1164</ExpertLink>
                    <Name lang="en">Allergic bronchopulmonary aspergillosis</Name>
                    <DisorderType id="21394">
                      <Name lang="en">Disease</Name>
                    </DisorderType>
                  </Disorder>
                  <ClassificationNodeChildList count="0">
                  </ClassificationNodeChildList>
                </ClassificationNode>
                <ClassificationNode>
                  <Disorder id="7033">
                    <OrphaNumber>2902</OrphaNumber>
                    <ExpertLink lang="en">http://www.orpha.net/consor/cgi-bin/OC_Exp.php?lng=en&amp;Expert=2902</ExpertLink>
                    <Name lang="en">Idiopathic chronic eosinophilic pneumonia</Name>
                    <DisorderType id="21394">
                      <Name lang="en">Disease</Name>
                    </DisorderType>
                  </Disorder>
                  <ClassificationNodeChildList count="0">
                  </ClassificationNodeChildList>
                </ClassificationNode>
                <ClassificationNode>
                  <Disorder id="9794">
                    <OrphaNumber>31740</OrphaNumber>
                    <ExpertLink lang="en">http://www.orpha.net/consor/cgi-bin/OC_Exp.php?lng=en&amp;Expert=31740</ExpertLink>
                    <Name lang="en">Hypersensitivity pneumonitis</Name>
                    <DisorderType id="21436">
                      <Name lang="en">Group of phenomes</Name>
                    </DisorderType>
                  </Disorder>
                  <ClassificationNodeChildList count="2">
                    <ClassificationNode>
                      <Disorder id="14480">
                        <OrphaNumber>99907</OrphaNumber>
                        <ExpertLink lang="en">http://www.orpha.net/consor/cgi-bin/OC_Exp.php?lng=en&amp;Expert=99907</ExpertLink>
                        <Name lang="en">House allergic alveolitis</Name>
                        <DisorderType id="21394">
                          <Name lang="en">Disease</Name>
                        </DisorderType>
                      </Disorder>
                      <ClassificationNodeChildList count="0">
                      </ClassificationNodeChildList>
                    </ClassificationNode>
                    <ClassificationNode>
                      <Disorder id="14482">
                        <OrphaNumber>99909</OrphaNumber>
                        <ExpertLink lang="en">http://www.orpha.net/consor/cgi-bin/OC_Exp.php?lng=en&amp;Expert=99909</ExpertLink>
                        <Name lang="en">Occupational allergic alveolitis</Name>
                        <DisorderType id="21436">
                          <Name lang="en">Group of phenomes</Name>
                        </DisorderType>
                      </Disorder>
                      <ClassificationNodeChildList count="2">
                        <ClassificationNode>
                          <Disorder id="14479">
                            <OrphaNumber>99906</OrphaNumber>
                            <ExpertLink lang="en">http://www.orpha.net/consor/cgi-bin/OC_Exp.php?lng=en&amp;Expert=99906</ExpertLink>
                            <Name lang="en">Farmer's lung disease</Name>
                            <DisorderType id="21394">
                              <Name lang="en">Disease</Name>
                            </DisorderType>
                          </Disorder>
                          <ClassificationNodeChildList count="0">
                          </ClassificationNodeChildList>
                        </ClassificationNode>
                        <ClassificationNode>
                          <Disorder id="14481">
                            <OrphaNumber>99908</OrphaNumber>
                            <ExpertLink lang="en">http://www.orpha.net/consor/cgi-bin/OC_Exp.php?lng=en&amp;Expert=99908</ExpertLink>
                            <Name lang="en">Pigeon-breeder lung disease</Name>
                            <DisorderType id="21394">
                              <Name lang="en">Disease</Name>
                            </DisorderType>
                          </Disorder>
                          <ClassificationNodeChildList count="0">
                          </ClassificationNodeChildList>
                        </ClassificationNode>
                      </ClassificationNodeChildList>
                    </ClassificationNode>
                  </ClassificationNodeChildList>
                </ClassificationNode>
              </ClassificationNodeChildList>
            </ClassificationNode>
            <ClassificationNode>
              <Disorder id="22459">
                <OrphaNumber>369992</OrphaNumber>
                <ExpertLink lang="en">http://www.orpha.net/consor/cgi-bin/OC_Exp.php?lng=en&amp;Expert=369992</ExpertLink>
                <Name lang="en">Severe dermatitis-multiple allergies-metabolic wasting syndrome</Name>
                <DisorderType id="21394">
                  <Name lang="en">Disease</Name>
                </DisorderType>
              </Disorder>
              <ClassificationNodeChildList count="0">
              </ClassificationNodeChildList>
            </ClassificationNode>
          </ClassificationNodeChildList>
        </ClassificationNode>
      </ClassificationNodeRootList>
    </Classification>
  </ClassificationList>
</JDBOR>
