<?xml version="1.0" encoding="ISO-8859-1"?>
<JDBOR date="2019-05-15 11:17:42" version="1.2.11 / 4.1.6 [2018-04-12] (orientdb version)" copyright="Orphanet (c) 2019">
  <ClassificationList count="1">
    <Classification id="216">
      <OrphaNumber>168923</OrphaNumber>
      <ExpertLink lang="en">http://www.orpha.net/consor/cgi-bin/OC_Exp.php?lng=en&amp;Expert=168923</ExpertLink>
      <ClassificationFlagList count="1">
        <ClassificationFlag id="28">
          <Value>2</Value>
          <Label>Pat</Label>
        </ClassificationFlag>
      </ClassificationFlagList>
      <Name lang="en">Orphanet classification of rare teratologic disorders</Name>
      <ClassificationNodeRootList count="1">
        <ClassificationNode>
          <Disorder id="10701">
            <OrphaNumber>52662</OrphaNumber>
            <ExpertLink lang="en">http://www.orpha.net/consor/cgi-bin/OC_Exp.php?lng=en&amp;Expert=52662</ExpertLink>
            <Name lang="en">Rare teratologic disease</Name>
          </Disorder>
          <ClassificationNodeChildList count="3">
            <ClassificationNode>
              <Disorder id="19217">
                <OrphaNumber>232035</OrphaNumber>
                <ExpertLink lang="en">http://www.orpha.net/consor/cgi-bin/OC_Exp.php?lng=en&amp;Expert=232035</ExpertLink>
                <Name lang="en">Infectious embryofetopathy</Name>
                <DisorderType id="21436">
                  <Name lang="en">Group of phenomes</Name>
                </DisorderType>
              </Disorder>
              <ClassificationNodeChildList count="9">
                <ClassificationNode>
                  <Disorder id="488">
                    <OrphaNumber>295</OrphaNumber>
                    <ExpertLink lang="en">http://www.orpha.net/consor/cgi-bin/OC_Exp.php?lng=en&amp;Expert=295</ExpertLink>
                    <Name lang="en">Fetal parvovirus syndrome</Name>
                    <DisorderType id="21401">
                      <Name lang="en">Malformation syndrome</Name>
                    </DisorderType>
                  </Disorder>
                  <ClassificationNodeChildList count="0">
                  </ClassificationNodeChildList>
                </ClassificationNode>
                <ClassificationNode>
                  <Disorder id="575">
                    <OrphaNumber>290</OrphaNumber>
                    <ExpertLink lang="en">http://www.orpha.net/consor/cgi-bin/OC_Exp.php?lng=en&amp;Expert=290</ExpertLink>
                    <Name lang="en">Congenital rubella syndrome</Name>
                    <DisorderType id="21394">
                      <Name lang="en">Disease</Name>
                    </DisorderType>
                  </Disorder>
                  <ClassificationNodeChildList count="0">
                  </ClassificationNodeChildList>
                </ClassificationNode>
                <ClassificationNode>
                  <Disorder id="596">
                    <OrphaNumber>858</OrphaNumber>
                    <ExpertLink lang="en">http://www.orpha.net/consor/cgi-bin/OC_Exp.php?lng=en&amp;Expert=858</ExpertLink>
                    <Name lang="en">Congenital toxoplasmosis</Name>
                    <DisorderType id="21394">
                      <Name lang="en">Disease</Name>
                    </DisorderType>
                  </Disorder>
                  <ClassificationNodeChildList count="0">
                  </ClassificationNodeChildList>
                </ClassificationNode>
                <ClassificationNode>
                  <Disorder id="602">
                    <OrphaNumber>291</OrphaNumber>
                    <ExpertLink lang="en">http://www.orpha.net/consor/cgi-bin/OC_Exp.php?lng=en&amp;Expert=291</ExpertLink>
                    <Name lang="en">Congenital varicella syndrome</Name>
                    <DisorderType id="21394">
                      <Name lang="en">Disease</Name>
                    </DisorderType>
                  </Disorder>
                  <ClassificationNodeChildList count="0">
                  </ClassificationNodeChildList>
                </ClassificationNode>
                <ClassificationNode>
                  <Disorder id="804">
                    <OrphaNumber>293</OrphaNumber>
                    <ExpertLink lang="en">http://www.orpha.net/consor/cgi-bin/OC_Exp.php?lng=en&amp;Expert=293</ExpertLink>
                    <Name lang="en">Congenital herpes simplex virus infection</Name>
                    <DisorderType id="21394">
                      <Name lang="en">Disease</Name>
                    </DisorderType>
                  </Disorder>
                  <ClassificationNodeChildList count="0">
                  </ClassificationNodeChildList>
                </ClassificationNode>
                <ClassificationNode>
                  <Disorder id="1878">
                    <OrphaNumber>294</OrphaNumber>
                    <ExpertLink lang="en">http://www.orpha.net/consor/cgi-bin/OC_Exp.php?lng=en&amp;Expert=294</ExpertLink>
                    <Name lang="en">Fetal cytomegalovirus syndrome</Name>
                    <DisorderType id="21394">
                      <Name lang="en">Disease</Name>
                    </DisorderType>
                  </Disorder>
                  <ClassificationNodeChildList count="0">
                  </ClassificationNodeChildList>
                </ClassificationNode>
                <ClassificationNode>
                  <Disorder id="3402">
                    <OrphaNumber>292</OrphaNumber>
                    <ExpertLink lang="en">http://www.orpha.net/consor/cgi-bin/OC_Exp.php?lng=en&amp;Expert=292</ExpertLink>
                    <Name lang="en">Congenital enterovirus infection</Name>
                    <DisorderType id="21394">
                      <Name lang="en">Disease</Name>
                    </DisorderType>
                  </Disorder>
                  <ClassificationNodeChildList count="0">
                  </ClassificationNodeChildList>
                </ClassificationNode>
                <ClassificationNode>
                  <Disorder id="10967">
                    <OrphaNumber>70596</OrphaNumber>
                    <ExpertLink lang="en">http://www.orpha.net/consor/cgi-bin/OC_Exp.php?lng=en&amp;Expert=70596</ExpertLink>
                    <Name lang="en">Congenital Epstein-Barr virus infection</Name>
                    <DisorderType id="21394">
                      <Name lang="en">Disease</Name>
                    </DisorderType>
                  </Disorder>
                  <ClassificationNodeChildList count="0">
                  </ClassificationNodeChildList>
                </ClassificationNode>
                <ClassificationNode>
                  <Disorder id="25941">
                    <OrphaNumber>499009</OrphaNumber>
                    <ExpertLink lang="en">http://www.orpha.net/consor/cgi-bin/OC_Exp.php?lng=en&amp;Expert=499009</ExpertLink>
                    <Name lang="en">Congenital syphilis</Name>
                    <DisorderType id="21394">
                      <Name lang="en">Disease</Name>
                    </DisorderType>
                  </Disorder>
                  <ClassificationNodeChildList count="0">
                  </ClassificationNodeChildList>
                </ClassificationNode>
              </ClassificationNodeChildList>
            </ClassificationNode>
            <ClassificationNode>
              <Disorder id="19645">
                <OrphaNumber>251529</OrphaNumber>
                <ExpertLink lang="en">http://www.orpha.net/consor/cgi-bin/OC_Exp.php?lng=en&amp;Expert=251529</ExpertLink>
                <Name lang="en">Toxic or drug-related embryofetopathy</Name>
                <DisorderType id="21436">
                  <Name lang="en">Group of phenomes</Name>
                </DisorderType>
              </Disorder>
              <ClassificationNodeChildList count="17">
                <ClassificationNode>
                  <Disorder id="25307">
                    <OrphaNumber>485358</OrphaNumber>
                    <ExpertLink lang="en">http://www.orpha.net/consor/cgi-bin/OC_Exp.php?lng=en&amp;Expert=485358</ExpertLink>
                    <Name lang="en">Propylthiouracil embryofetopathy</Name>
                    <DisorderType id="21401">
                      <Name lang="en">Malformation syndrome</Name>
                    </DisorderType>
                  </Disorder>
                  <ClassificationNodeChildList count="0">
                  </ClassificationNodeChildList>
                </ClassificationNode>
                <ClassificationNode>
                  <Disorder id="487">
                    <OrphaNumber>1915</OrphaNumber>
                    <ExpertLink lang="en">http://www.orpha.net/consor/cgi-bin/OC_Exp.php?lng=en&amp;Expert=1915</ExpertLink>
                    <Name lang="en">Fetal alcohol syndrome</Name>
                    <DisorderType id="21401">
                      <Name lang="en">Malformation syndrome</Name>
                    </DisorderType>
                  </Disorder>
                  <ClassificationNodeChildList count="0">
                  </ClassificationNodeChildList>
                </ClassificationNode>
                <ClassificationNode>
                  <Disorder id="1870">
                    <OrphaNumber>1908</OrphaNumber>
                    <ExpertLink lang="en">http://www.orpha.net/consor/cgi-bin/OC_Exp.php?lng=en&amp;Expert=1908</ExpertLink>
                    <Name lang="en">Aminopterin/methotrexate embryofetopathy</Name>
                    <DisorderType id="21401">
                      <Name lang="en">Malformation syndrome</Name>
                    </DisorderType>
                  </Disorder>
                  <ClassificationNodeChildList count="0">
                  </ClassificationNodeChildList>
                </ClassificationNode>
                <ClassificationNode>
                  <Disorder id="1871">
                    <OrphaNumber>1909</OrphaNumber>
                    <ExpertLink lang="en">http://www.orpha.net/consor/cgi-bin/OC_Exp.php?lng=en&amp;Expert=1909</ExpertLink>
                    <Name lang="en">Indomethacin embryofetopathy</Name>
                    <DisorderType id="21401">
                      <Name lang="en">Malformation syndrome</Name>
                    </DisorderType>
                  </Disorder>
                  <ClassificationNodeChildList count="0">
                  </ClassificationNodeChildList>
                </ClassificationNode>
                <ClassificationNode>
                  <Disorder id="1872">
                    <OrphaNumber>1910</OrphaNumber>
                    <ExpertLink lang="en">http://www.orpha.net/consor/cgi-bin/OC_Exp.php?lng=en&amp;Expert=1910</ExpertLink>
                    <Name lang="en">Fetal iodine syndrome</Name>
                    <DisorderType id="21401">
                      <Name lang="en">Malformation syndrome</Name>
                    </DisorderType>
                  </Disorder>
                  <ClassificationNodeChildList count="0">
                  </ClassificationNodeChildList>
                </ClassificationNode>
                <ClassificationNode>
                  <Disorder id="1873">
                    <OrphaNumber>1911</OrphaNumber>
                    <ExpertLink lang="en">http://www.orpha.net/consor/cgi-bin/OC_Exp.php?lng=en&amp;Expert=1911</ExpertLink>
                    <Name lang="en">Cocaine embryofetopathy</Name>
                    <DisorderType id="21401">
                      <Name lang="en">Malformation syndrome</Name>
                    </DisorderType>
                  </Disorder>
                  <ClassificationNodeChildList count="0">
                  </ClassificationNodeChildList>
                </ClassificationNode>
                <ClassificationNode>
                  <Disorder id="1874">
                    <OrphaNumber>1918</OrphaNumber>
                    <ExpertLink lang="en">http://www.orpha.net/consor/cgi-bin/OC_Exp.php?lng=en&amp;Expert=1918</ExpertLink>
                    <Name lang="en">Fetal minoxidil syndrome</Name>
                    <DisorderType id="21401">
                      <Name lang="en">Malformation syndrome</Name>
                    </DisorderType>
                  </Disorder>
                  <ClassificationNodeChildList count="0">
                  </ClassificationNodeChildList>
                </ClassificationNode>
                <ClassificationNode>
                  <Disorder id="1877">
                    <OrphaNumber>1914</OrphaNumber>
                    <ExpertLink lang="en">http://www.orpha.net/consor/cgi-bin/OC_Exp.php?lng=en&amp;Expert=1914</ExpertLink>
                    <Name lang="en">Vitamin K antagonist embryofetopathy</Name>
                    <DisorderType id="21401">
                      <Name lang="en">Malformation syndrome</Name>
                    </DisorderType>
                  </Disorder>
                  <ClassificationNodeChildList count="0">
                  </ClassificationNodeChildList>
                </ClassificationNode>
                <ClassificationNode>
                  <Disorder id="1879">
                    <OrphaNumber>1916</OrphaNumber>
                    <ExpertLink lang="en">http://www.orpha.net/consor/cgi-bin/OC_Exp.php?lng=en&amp;Expert=1916</ExpertLink>
                    <Name lang="en">Diethylstilbestrol syndrome</Name>
                    <DisorderType id="21394">
                      <Name lang="en">Disease</Name>
                    </DisorderType>
                  </Disorder>
                  <ClassificationNodeChildList count="0">
                  </ClassificationNodeChildList>
                </ClassificationNode>
                <ClassificationNode>
                  <Disorder id="1880">
                    <OrphaNumber>1917</OrphaNumber>
                    <ExpertLink lang="en">http://www.orpha.net/consor/cgi-bin/OC_Exp.php?lng=en&amp;Expert=1917</ExpertLink>
                    <Name lang="en">Fetal methylmercury syndrome</Name>
                    <DisorderType id="21401">
                      <Name lang="en">Malformation syndrome</Name>
                    </DisorderType>
                  </Disorder>
                  <ClassificationNodeChildList count="0">
                  </ClassificationNodeChildList>
                </ClassificationNode>
                <ClassificationNode>
                  <Disorder id="1882">
                    <OrphaNumber>1920</OrphaNumber>
                    <ExpertLink lang="en">http://www.orpha.net/consor/cgi-bin/OC_Exp.php?lng=en&amp;Expert=1920</ExpertLink>
                    <Name lang="en">Toluene embryopathy</Name>
                    <DisorderType id="21401">
                      <Name lang="en">Malformation syndrome</Name>
                    </DisorderType>
                  </Disorder>
                  <ClassificationNodeChildList count="0">
                  </ClassificationNodeChildList>
                </ClassificationNode>
                <ClassificationNode>
                  <Disorder id="1885">
                    <OrphaNumber>1923</OrphaNumber>
                    <ExpertLink lang="en">http://www.orpha.net/consor/cgi-bin/OC_Exp.php?lng=en&amp;Expert=1923</ExpertLink>
                    <Name lang="en">Methimazole embryofetopathy</Name>
                    <DisorderType id="21401">
                      <Name lang="en">Malformation syndrome</Name>
                    </DisorderType>
                  </Disorder>
                  <ClassificationNodeChildList count="0">
                  </ClassificationNodeChildList>
                </ClassificationNode>
                <ClassificationNode>
                  <Disorder id="2166">
                    <OrphaNumber>2305</OrphaNumber>
                    <ExpertLink lang="en">http://www.orpha.net/consor/cgi-bin/OC_Exp.php?lng=en&amp;Expert=2305</ExpertLink>
                    <Name lang="en">Isotretinoin syndrome</Name>
                    <DisorderType id="21401">
                      <Name lang="en">Malformation syndrome</Name>
                    </DisorderType>
                  </Disorder>
                  <ClassificationNodeChildList count="0">
                  </ClassificationNodeChildList>
                </ClassificationNode>
                <ClassificationNode>
                  <Disorder id="2943">
                    <OrphaNumber>3312</OrphaNumber>
                    <ExpertLink lang="en">http://www.orpha.net/consor/cgi-bin/OC_Exp.php?lng=en&amp;Expert=3312</ExpertLink>
                    <Name lang="en">Thalidomide embryopathy</Name>
                    <DisorderType id="21394">
                      <Name lang="en">Disease</Name>
                    </DisorderType>
                  </Disorder>
                  <ClassificationNodeChildList count="0">
                  </ClassificationNodeChildList>
                </ClassificationNode>
                <ClassificationNode>
                  <Disorder id="10462">
                    <OrphaNumber>40366</OrphaNumber>
                    <ExpertLink lang="en">http://www.orpha.net/consor/cgi-bin/OC_Exp.php?lng=en&amp;Expert=40366</ExpertLink>
                    <Name lang="en">Acitretin/etretinate embryopathy</Name>
                    <DisorderType id="21394">
                      <Name lang="en">Disease</Name>
                    </DisorderType>
                  </Disorder>
                  <ClassificationNodeChildList count="0">
                  </ClassificationNodeChildList>
                </ClassificationNode>
                <ClassificationNode>
                  <Disorder id="20172">
                    <OrphaNumber>268249</OrphaNumber>
                    <ExpertLink lang="en">http://www.orpha.net/consor/cgi-bin/OC_Exp.php?lng=en&amp;Expert=268249</ExpertLink>
                    <Name lang="en">Mycophenolate mofetil embryopathy</Name>
                    <DisorderType id="21394">
                      <Name lang="en">Disease</Name>
                    </DisorderType>
                  </Disorder>
                  <ClassificationNodeChildList count="0">
                  </ClassificationNodeChildList>
                </ClassificationNode>
                <ClassificationNode>
                  <Disorder id="22475">
                    <OrphaNumber>370068</OrphaNumber>
                    <ExpertLink lang="en">http://www.orpha.net/consor/cgi-bin/OC_Exp.php?lng=en&amp;Expert=370068</ExpertLink>
                    <Name lang="en">Fetal anticonvulsant syndrome</Name>
                    <DisorderType id="21436">
                      <Name lang="en">Group of phenomes</Name>
                    </DisorderType>
                  </Disorder>
                  <ClassificationNodeChildList count="5">
                    <ClassificationNode>
                      <Disorder id="1868">
                        <OrphaNumber>1906</OrphaNumber>
                        <ExpertLink lang="en">http://www.orpha.net/consor/cgi-bin/OC_Exp.php?lng=en&amp;Expert=1906</ExpertLink>
                        <Name lang="en">Fetal valproate syndrome</Name>
                        <DisorderType id="21401">
                          <Name lang="en">Malformation syndrome</Name>
                        </DisorderType>
                      </Disorder>
                      <ClassificationNodeChildList count="0">
                      </ClassificationNodeChildList>
                    </ClassificationNode>
                    <ClassificationNode>
                      <Disorder id="1875">
                        <OrphaNumber>1912</OrphaNumber>
                        <ExpertLink lang="en">http://www.orpha.net/consor/cgi-bin/OC_Exp.php?lng=en&amp;Expert=1912</ExpertLink>
                        <Name lang="en">Fetal hydantoin syndrome</Name>
                        <DisorderType id="21401">
                          <Name lang="en">Malformation syndrome</Name>
                        </DisorderType>
                      </Disorder>
                      <ClassificationNodeChildList count="0">
                      </ClassificationNodeChildList>
                    </ClassificationNode>
                    <ClassificationNode>
                      <Disorder id="1876">
                        <OrphaNumber>1913</OrphaNumber>
                        <ExpertLink lang="en">http://www.orpha.net/consor/cgi-bin/OC_Exp.php?lng=en&amp;Expert=1913</ExpertLink>
                        <Name lang="en">Fetal trimethadione syndrome</Name>
                        <DisorderType id="21401">
                          <Name lang="en">Malformation syndrome</Name>
                        </DisorderType>
                      </Disorder>
                      <ClassificationNodeChildList count="0">
                      </ClassificationNodeChildList>
                    </ClassificationNode>
                    <ClassificationNode>
                      <Disorder id="1881">
                        <OrphaNumber>1919</OrphaNumber>
                        <ExpertLink lang="en">http://www.orpha.net/consor/cgi-bin/OC_Exp.php?lng=en&amp;Expert=1919</ExpertLink>
                        <Name lang="en">Phenobarbital embryopathy</Name>
                        <DisorderType id="21401">
                          <Name lang="en">Malformation syndrome</Name>
                        </DisorderType>
                      </Disorder>
                      <ClassificationNodeChildList count="0">
                      </ClassificationNodeChildList>
                    </ClassificationNode>
                    <ClassificationNode>
                      <Disorder id="22476">
                        <OrphaNumber>370076</OrphaNumber>
                        <ExpertLink lang="en">http://www.orpha.net/consor/cgi-bin/OC_Exp.php?lng=en&amp;Expert=370076</ExpertLink>
                        <Name lang="en">Fetal carbamazepine syndrome</Name>
                        <DisorderType id="21394">
                          <Name lang="en">Disease</Name>
                        </DisorderType>
                      </Disorder>
                      <ClassificationNodeChildList count="0">
                      </ClassificationNodeChildList>
                    </ClassificationNode>
                  </ClassificationNodeChildList>
                </ClassificationNode>
              </ClassificationNodeChildList>
            </ClassificationNode>
            <ClassificationNode>
              <Disorder id="19646">
                <OrphaNumber>251535</OrphaNumber>
                <ExpertLink lang="en">http://www.orpha.net/consor/cgi-bin/OC_Exp.php?lng=en&amp;Expert=251535</ExpertLink>
                <Name lang="en">Maternal disease-related embryofetopathy</Name>
                <DisorderType id="21436">
                  <Name lang="en">Group of phenomes</Name>
                </DisorderType>
              </Disorder>
              <ClassificationNodeChildList count="3">
                <ClassificationNode>
                  <Disorder id="1888">
                    <OrphaNumber>1926</OrphaNumber>
                    <ExpertLink lang="en">http://www.orpha.net/consor/cgi-bin/OC_Exp.php?lng=en&amp;Expert=1926</ExpertLink>
                    <Name lang="en">Diabetic embryopathy</Name>
                    <DisorderType id="21401">
                      <Name lang="en">Malformation syndrome</Name>
                    </DisorderType>
                  </Disorder>
                  <ClassificationNodeChildList count="0">
                  </ClassificationNodeChildList>
                </ClassificationNode>
                <ClassificationNode>
                  <Disorder id="1889">
                    <OrphaNumber>2209</OrphaNumber>
                    <ExpertLink lang="en">http://www.orpha.net/consor/cgi-bin/OC_Exp.php?lng=en&amp;Expert=2209</ExpertLink>
                    <Name lang="en">Maternal phenylketonuria</Name>
                    <DisorderType id="21401">
                      <Name lang="en">Malformation syndrome</Name>
                    </DisorderType>
                  </Disorder>
                  <ClassificationNodeChildList count="0">
                  </ClassificationNodeChildList>
                </ClassificationNode>
                <ClassificationNode>
                  <Disorder id="2093">
                    <OrphaNumber>2216</OrphaNumber>
                    <ExpertLink lang="en">http://www.orpha.net/consor/cgi-bin/OC_Exp.php?lng=en&amp;Expert=2216</ExpertLink>
                    <Name lang="en">Maternal hyperthermia-induced birth defects</Name>
                    <DisorderType id="21401">
                      <Name lang="en">Malformation syndrome</Name>
                    </DisorderType>
                  </Disorder>
                  <ClassificationNodeChildList count="0">
                  </ClassificationNodeChildList>
                </ClassificationNode>
              </ClassificationNodeChildList>
            </ClassificationNode>
          </ClassificationNodeChildList>
        </ClassificationNode>
      </ClassificationNodeRootList>
    </Classification>
  </ClassificationList>
</JDBOR>
