<?xml version="1.0" encoding="ISO-8859-1"?>
<JDBOR date="2019-05-15 11:17:20" version="1.2.11 / 4.1.6 [2018-04-12] (orientdb version)" copyright="Orphanet (c) 2019">
  <ClassificationList count="1">
    <Classification id="204">
      <OrphaNumber>162979</OrphaNumber>
      <ExpertLink lang="en">http://www.orpha.net/consor/cgi-bin/OC_Exp.php?lng=en&amp;Expert=162979</ExpertLink>
      <ClassificationFlagList count="1">
        <ClassificationFlag id="28">
          <Value>2</Value>
          <Label>Pat</Label>
        </ClassificationFlag>
      </ClassificationFlagList>
      <Name lang="en">Orphanet classification of rare disorders due to toxic effects</Name>
      <ClassificationNodeRootList count="1">
        <ClassificationNode>
          <Disorder id="15031">
            <OrphaNumber>108999</OrphaNumber>
            <ExpertLink lang="en">http://www.orpha.net/consor/cgi-bin/OC_Exp.php?lng=en&amp;Expert=108999</ExpertLink>
            <Name lang="en">Rare disorder due to toxic effects</Name>
          </Disorder>
          <ClassificationNodeChildList count="20">
            <ClassificationNode>
              <Disorder id="24156">
                <OrphaNumber>466677</OrphaNumber>
                <ExpertLink lang="en">http://www.orpha.net/consor/cgi-bin/OC_Exp.php?lng=en&amp;Expert=466677</ExpertLink>
                <Name lang="en">Scorpion envenomation</Name>
                <DisorderType id="21394">
                  <Name lang="en">Disease</Name>
                </DisorderType>
              </Disorder>
              <ClassificationNodeChildList count="0">
              </ClassificationNodeChildList>
            </ClassificationNode>
            <ClassificationNode>
              <Disorder id="27316">
                <OrphaNumber>521132</OrphaNumber>
                <ExpertLink lang="en">http://www.orpha.net/consor/cgi-bin/OC_Exp.php?lng=en&amp;Expert=521132</ExpertLink>
                <Name lang="en">Radiation-induced disorder</Name>
                <DisorderType id="21436">
                  <Name lang="en">Group of phenomes</Name>
                </DisorderType>
              </Disorder>
              <ClassificationNodeChildList count="2">
                <ClassificationNode>
                  <Disorder id="27315">
                    <OrphaNumber>521127</OrphaNumber>
                    <ExpertLink lang="en">http://www.orpha.net/consor/cgi-bin/OC_Exp.php?lng=en&amp;Expert=521127</ExpertLink>
                    <Name lang="en">Osteoradionecrosis of the mandible</Name>
                    <DisorderType id="21394">
                      <Name lang="en">Disease</Name>
                    </DisorderType>
                  </Disorder>
                  <ClassificationNodeChildList count="0">
                  </ClassificationNodeChildList>
                </ClassificationNode>
                <ClassificationNode>
                  <Disorder id="27314">
                    <OrphaNumber>521123</OrphaNumber>
                    <ExpertLink lang="en">http://www.orpha.net/consor/cgi-bin/OC_Exp.php?lng=en&amp;Expert=521123</ExpertLink>
                    <Name lang="en">Radiation-induced plexopathy</Name>
                    <DisorderType id="21394">
                      <Name lang="en">Disease</Name>
                    </DisorderType>
                  </Disorder>
                  <ClassificationNodeChildList count="0">
                  </ClassificationNodeChildList>
                </ClassificationNode>
              </ClassificationNodeChildList>
            </ClassificationNode>
            <ClassificationNode>
              <Disorder id="9797">
                <OrphaNumber>31825</OrphaNumber>
                <ExpertLink lang="en">http://www.orpha.net/consor/cgi-bin/OC_Exp.php?lng=en&amp;Expert=31825</ExpertLink>
                <Name lang="en">Methanol poisoning</Name>
                <DisorderType id="21394">
                  <Name lang="en">Disease</Name>
                </DisorderType>
              </Disorder>
              <ClassificationNodeChildList count="0">
              </ClassificationNodeChildList>
            </ClassificationNode>
            <ClassificationNode>
              <Disorder id="9798">
                <OrphaNumber>31826</OrphaNumber>
                <ExpertLink lang="en">http://www.orpha.net/consor/cgi-bin/OC_Exp.php?lng=en&amp;Expert=31826</ExpertLink>
                <Name lang="en">Ethylene glycol poisoning</Name>
                <DisorderType id="21394">
                  <Name lang="en">Disease</Name>
                </DisorderType>
              </Disorder>
              <ClassificationNodeChildList count="0">
              </ClassificationNodeChildList>
            </ClassificationNode>
            <ClassificationNode>
              <Disorder id="9799">
                <OrphaNumber>31827</OrphaNumber>
                <ExpertLink lang="en">http://www.orpha.net/consor/cgi-bin/OC_Exp.php?lng=en&amp;Expert=31827</ExpertLink>
                <Name lang="en">Paraquat poisoning</Name>
                <DisorderType id="21394">
                  <Name lang="en">Disease</Name>
                </DisorderType>
              </Disorder>
              <ClassificationNodeChildList count="0">
              </ClassificationNodeChildList>
            </ClassificationNode>
            <ClassificationNode>
              <Disorder id="10404">
                <OrphaNumber>35889</OrphaNumber>
                <ExpertLink lang="en">http://www.orpha.net/consor/cgi-bin/OC_Exp.php?lng=en&amp;Expert=35889</ExpertLink>
                <Name lang="en">Acute opioid poisoning</Name>
                <DisorderType id="21394">
                  <Name lang="en">Disease</Name>
                </DisorderType>
              </Disorder>
              <ClassificationNodeChildList count="0">
              </ClassificationNodeChildList>
            </ClassificationNode>
            <ClassificationNode>
              <Disorder id="10795">
                <OrphaNumber>60014</OrphaNumber>
                <ExpertLink lang="en">http://www.orpha.net/consor/cgi-bin/OC_Exp.php?lng=en&amp;Expert=60014</ExpertLink>
                <Name lang="en">Argyria</Name>
                <DisorderType id="21394">
                  <Name lang="en">Disease</Name>
                </DisorderType>
              </Disorder>
              <ClassificationNodeChildList count="0">
              </ClassificationNodeChildList>
            </ClassificationNode>
            <ClassificationNode>
              <Disorder id="11054">
                <OrphaNumber>73423</OrphaNumber>
                <ExpertLink lang="en">http://www.orpha.net/consor/cgi-bin/OC_Exp.php?lng=en&amp;Expert=73423</ExpertLink>
                <Name lang="en">Acute ackee fruit intoxication</Name>
                <DisorderType id="21394">
                  <Name lang="en">Disease</Name>
                </DisorderType>
              </Disorder>
              <ClassificationNodeChildList count="0">
              </ClassificationNodeChildList>
            </ClassificationNode>
            <ClassificationNode>
              <Disorder id="11959">
                <OrphaNumber>90068</OrphaNumber>
                <ExpertLink lang="en">http://www.orpha.net/consor/cgi-bin/OC_Exp.php?lng=en&amp;Expert=90068</ExpertLink>
                <Name lang="en">Cocaine intoxication</Name>
                <DisorderType id="21394">
                  <Name lang="en">Disease</Name>
                </DisorderType>
              </Disorder>
              <ClassificationNodeChildList count="0">
              </ClassificationNodeChildList>
            </ClassificationNode>
            <ClassificationNode>
              <Disorder id="11960">
                <OrphaNumber>90069</OrphaNumber>
                <ExpertLink lang="en">http://www.orpha.net/consor/cgi-bin/OC_Exp.php?lng=en&amp;Expert=90069</ExpertLink>
                <Name lang="en">Systemic monochloroacetate poisoning</Name>
                <DisorderType id="21394">
                  <Name lang="en">Disease</Name>
                </DisorderType>
              </Disorder>
              <ClassificationNodeChildList count="0">
              </ClassificationNodeChildList>
            </ClassificationNode>
            <ClassificationNode>
              <Disorder id="19057">
                <OrphaNumber>227972</OrphaNumber>
                <ExpertLink lang="en">http://www.orpha.net/consor/cgi-bin/OC_Exp.php?lng=en&amp;Expert=227972</ExpertLink>
                <Name lang="en">Toxic oil syndrome</Name>
                <DisorderType id="21394">
                  <Name lang="en">Disease</Name>
                </DisorderType>
              </Disorder>
              <ClassificationNodeChildList count="0">
              </ClassificationNodeChildList>
            </ClassificationNode>
            <ClassificationNode>
              <Disorder id="19510">
                <OrphaNumber>247165</OrphaNumber>
                <ExpertLink lang="en">http://www.orpha.net/consor/cgi-bin/OC_Exp.php?lng=en&amp;Expert=247165</ExpertLink>
                <Name lang="en">Infantile mercury poisoning</Name>
                <DisorderType id="21394">
                  <Name lang="en">Disease</Name>
                </DisorderType>
              </Disorder>
              <ClassificationNodeChildList count="0">
              </ClassificationNodeChildList>
            </ClassificationNode>
            <ClassificationNode>
              <Disorder id="21242">
                <OrphaNumber>306640</OrphaNumber>
                <ExpertLink lang="en">http://www.orpha.net/consor/cgi-bin/OC_Exp.php?lng=en&amp;Expert=306640</ExpertLink>
                <Name lang="en">Rare intoxication due to medical products</Name>
                <DisorderType id="21436">
                  <Name lang="en">Group of phenomes</Name>
                </DisorderType>
              </Disorder>
              <ClassificationNodeChildList count="10">
                <ClassificationNode>
                  <Disorder id="27624">
                    <OrphaNumber>529831</OrphaNumber>
                    <ExpertLink lang="en">http://www.orpha.net/consor/cgi-bin/OC_Exp.php?lng=en&amp;Expert=529831</ExpertLink>
                    <Name lang="en">Letrozole toxicity</Name>
                    <DisorderType id="21429">
                      <Name lang="en">Particular clinical situation in a disease or syndrome</Name>
                    </DisorderType>
                  </Disorder>
                  <ClassificationNodeChildList count="0">
                  </ClassificationNodeChildList>
                </ClassificationNode>
                <ClassificationNode>
                  <Disorder id="27623">
                    <OrphaNumber>529828</OrphaNumber>
                    <ExpertLink lang="en">http://www.orpha.net/consor/cgi-bin/OC_Exp.php?lng=en&amp;Expert=529828</ExpertLink>
                    <Name lang="en">Enzalutamide toxicity</Name>
                    <DisorderType id="21429">
                      <Name lang="en">Particular clinical situation in a disease or syndrome</Name>
                    </DisorderType>
                  </Disorder>
                  <ClassificationNodeChildList count="0">
                  </ClassificationNodeChildList>
                </ClassificationNode>
                <ClassificationNode>
                  <Disorder id="9796">
                    <OrphaNumber>31824</OrphaNumber>
                    <ExpertLink lang="en">http://www.orpha.net/consor/cgi-bin/OC_Exp.php?lng=en&amp;Expert=31824</ExpertLink>
                    <Name lang="en">Colchicine poisoning</Name>
                    <DisorderType id="21429">
                      <Name lang="en">Particular clinical situation in a disease or syndrome</Name>
                    </DisorderType>
                  </Disorder>
                  <ClassificationNodeChildList count="0">
                  </ClassificationNodeChildList>
                </ClassificationNode>
                <ClassificationNode>
                  <Disorder id="9800">
                    <OrphaNumber>31828</OrphaNumber>
                    <ExpertLink lang="en">http://www.orpha.net/consor/cgi-bin/OC_Exp.php?lng=en&amp;Expert=31828</ExpertLink>
                    <Name lang="en">Digitalis poisoning</Name>
                    <DisorderType id="21429">
                      <Name lang="en">Particular clinical situation in a disease or syndrome</Name>
                    </DisorderType>
                  </Disorder>
                  <ClassificationNodeChildList count="0">
                  </ClassificationNodeChildList>
                </ClassificationNode>
                <ClassificationNode>
                  <Disorder id="10581">
                    <OrphaNumber>43117</OrphaNumber>
                    <ExpertLink lang="en">http://www.orpha.net/consor/cgi-bin/OC_Exp.php?lng=en&amp;Expert=43117</ExpertLink>
                    <Name lang="en">Acute tricyclic antidepressant poisoning</Name>
                    <DisorderType id="21429">
                      <Name lang="en">Particular clinical situation in a disease or syndrome</Name>
                    </DisorderType>
                  </Disorder>
                  <ClassificationNodeChildList count="0">
                  </ClassificationNodeChildList>
                </ClassificationNode>
                <ClassificationNode>
                  <Disorder id="10582">
                    <OrphaNumber>43119</OrphaNumber>
                    <ExpertLink lang="en">http://www.orpha.net/consor/cgi-bin/OC_Exp.php?lng=en&amp;Expert=43119</ExpertLink>
                    <Name lang="en">Acute poisoning by drugs with membrane-stabilizing effect</Name>
                    <DisorderType id="21429">
                      <Name lang="en">Particular clinical situation in a disease or syndrome</Name>
                    </DisorderType>
                  </Disorder>
                  <ClassificationNodeChildList count="0">
                  </ClassificationNodeChildList>
                </ClassificationNode>
                <ClassificationNode>
                  <Disorder id="18819">
                    <OrphaNumber>217064</OrphaNumber>
                    <ExpertLink lang="en">http://www.orpha.net/consor/cgi-bin/OC_Exp.php?lng=en&amp;Expert=217064</ExpertLink>
                    <Name lang="en">5-fluorouracil poisoning</Name>
                    <DisorderType id="21429">
                      <Name lang="en">Particular clinical situation in a disease or syndrome</Name>
                    </DisorderType>
                  </Disorder>
                  <ClassificationNodeChildList count="0">
                  </ClassificationNodeChildList>
                </ClassificationNode>
                <ClassificationNode>
                  <Disorder id="20871">
                    <OrphaNumber>293807</OrphaNumber>
                    <ExpertLink lang="en">http://www.orpha.net/consor/cgi-bin/OC_Exp.php?lng=en&amp;Expert=293807</ExpertLink>
                    <Name lang="en">Ketamine-induced biliary dilatation</Name>
                    <DisorderType id="21429">
                      <Name lang="en">Particular clinical situation in a disease or syndrome</Name>
                    </DisorderType>
                  </Disorder>
                  <ClassificationNodeChildList count="0">
                  </ClassificationNodeChildList>
                </ClassificationNode>
                <ClassificationNode>
                  <Disorder id="24154">
                    <OrphaNumber>466670</OrphaNumber>
                    <ExpertLink lang="en">http://www.orpha.net/consor/cgi-bin/OC_Exp.php?lng=en&amp;Expert=466670</ExpertLink>
                    <Name lang="en">Cyanide poisoning</Name>
                    <DisorderType id="21429">
                      <Name lang="en">Particular clinical situation in a disease or syndrome</Name>
                    </DisorderType>
                  </Disorder>
                  <ClassificationNodeChildList count="0">
                  </ClassificationNodeChildList>
                </ClassificationNode>
                <ClassificationNode>
                  <Disorder id="24028">
                    <OrphaNumber>464458</OrphaNumber>
                    <ExpertLink lang="en">http://www.orpha.net/consor/cgi-bin/OC_Exp.php?lng=en&amp;Expert=464458</ExpertLink>
                    <Name lang="en">Paracetamol poisoning</Name>
                    <DisorderType id="21429">
                      <Name lang="en">Particular clinical situation in a disease or syndrome</Name>
                    </DisorderType>
                  </Disorder>
                  <ClassificationNodeChildList count="0">
                  </ClassificationNodeChildList>
                </ClassificationNode>
              </ClassificationNodeChildList>
            </ClassificationNode>
            <ClassificationNode>
              <Disorder id="21251">
                <OrphaNumber>306682</OrphaNumber>
                <ExpertLink lang="en">http://www.orpha.net/consor/cgi-bin/OC_Exp.php?lng=en&amp;Expert=306682</ExpertLink>
                <Name lang="en">Manganese poisoning</Name>
                <DisorderType id="21394">
                  <Name lang="en">Disease</Name>
                </DisorderType>
              </Disorder>
              <ClassificationNodeChildList count="0">
              </ClassificationNodeChildList>
            </ClassificationNode>
            <ClassificationNode>
              <Disorder id="21252">
                <OrphaNumber>306686</OrphaNumber>
                <ExpertLink lang="en">http://www.orpha.net/consor/cgi-bin/OC_Exp.php?lng=en&amp;Expert=306686</ExpertLink>
                <Name lang="en">Carbon monoxide-induced parkinsonism</Name>
                <DisorderType id="21394">
                  <Name lang="en">Disease</Name>
                </DisorderType>
              </Disorder>
              <ClassificationNodeChildList count="0">
              </ClassificationNodeChildList>
            </ClassificationNode>
            <ClassificationNode>
              <Disorder id="21253">
                <OrphaNumber>306692</OrphaNumber>
                <ExpertLink lang="en">http://www.orpha.net/consor/cgi-bin/OC_Exp.php?lng=en&amp;Expert=306692</ExpertLink>
                <Name lang="en">Cyanide-induced parkinsonism</Name>
                <DisorderType id="21394">
                  <Name lang="en">Disease</Name>
                </DisorderType>
              </Disorder>
              <ClassificationNodeChildList count="0">
              </ClassificationNodeChildList>
            </ClassificationNode>
            <ClassificationNode>
              <Disorder id="21959">
                <OrphaNumber>330015</OrphaNumber>
                <ExpertLink lang="en">http://www.orpha.net/consor/cgi-bin/OC_Exp.php?lng=en&amp;Expert=330015</ExpertLink>
                <Name lang="en">Lead poisoning</Name>
                <DisorderType id="21394">
                  <Name lang="en">Disease</Name>
                </DisorderType>
              </Disorder>
              <ClassificationNodeChildList count="0">
              </ClassificationNodeChildList>
            </ClassificationNode>
            <ClassificationNode>
              <Disorder id="21960">
                <OrphaNumber>330021</OrphaNumber>
                <ExpertLink lang="en">http://www.orpha.net/consor/cgi-bin/OC_Exp.php?lng=en&amp;Expert=330021</ExpertLink>
                <Name lang="en">Mercury poisoning</Name>
                <DisorderType id="21394">
                  <Name lang="en">Disease</Name>
                </DisorderType>
              </Disorder>
              <ClassificationNodeChildList count="0">
              </ClassificationNodeChildList>
            </ClassificationNode>
            <ClassificationNode>
              <Disorder id="19645">
                <OrphaNumber>251529</OrphaNumber>
                <ExpertLink lang="en">http://www.orpha.net/consor/cgi-bin/OC_Exp.php?lng=en&amp;Expert=251529</ExpertLink>
                <Name lang="en">Toxic or drug-related embryofetopathy</Name>
                <DisorderType id="21436">
                  <Name lang="en">Group of phenomes</Name>
                </DisorderType>
              </Disorder>
              <ClassificationNodeChildList count="17">
                <ClassificationNode>
                  <Disorder id="25307">
                    <OrphaNumber>485358</OrphaNumber>
                    <ExpertLink lang="en">http://www.orpha.net/consor/cgi-bin/OC_Exp.php?lng=en&amp;Expert=485358</ExpertLink>
                    <Name lang="en">Propylthiouracil embryofetopathy</Name>
                    <DisorderType id="21401">
                      <Name lang="en">Malformation syndrome</Name>
                    </DisorderType>
                  </Disorder>
                  <ClassificationNodeChildList count="0">
                  </ClassificationNodeChildList>
                </ClassificationNode>
                <ClassificationNode>
                  <Disorder id="1871">
                    <OrphaNumber>1909</OrphaNumber>
                    <ExpertLink lang="en">http://www.orpha.net/consor/cgi-bin/OC_Exp.php?lng=en&amp;Expert=1909</ExpertLink>
                    <Name lang="en">Indomethacin embryofetopathy</Name>
                    <DisorderType id="21401">
                      <Name lang="en">Malformation syndrome</Name>
                    </DisorderType>
                  </Disorder>
                  <ClassificationNodeChildList count="0">
                  </ClassificationNodeChildList>
                </ClassificationNode>
                <ClassificationNode>
                  <Disorder id="1870">
                    <OrphaNumber>1908</OrphaNumber>
                    <ExpertLink lang="en">http://www.orpha.net/consor/cgi-bin/OC_Exp.php?lng=en&amp;Expert=1908</ExpertLink>
                    <Name lang="en">Aminopterin/methotrexate embryofetopathy</Name>
                    <DisorderType id="21401">
                      <Name lang="en">Malformation syndrome</Name>
                    </DisorderType>
                  </Disorder>
                  <ClassificationNodeChildList count="0">
                  </ClassificationNodeChildList>
                </ClassificationNode>
                <ClassificationNode>
                  <Disorder id="22475">
                    <OrphaNumber>370068</OrphaNumber>
                    <ExpertLink lang="en">http://www.orpha.net/consor/cgi-bin/OC_Exp.php?lng=en&amp;Expert=370068</ExpertLink>
                    <Name lang="en">Fetal anticonvulsant syndrome</Name>
                    <DisorderType id="21436">
                      <Name lang="en">Group of phenomes</Name>
                    </DisorderType>
                  </Disorder>
                  <ClassificationNodeChildList count="5">
                    <ClassificationNode>
                      <Disorder id="1875">
                        <OrphaNumber>1912</OrphaNumber>
                        <ExpertLink lang="en">http://www.orpha.net/consor/cgi-bin/OC_Exp.php?lng=en&amp;Expert=1912</ExpertLink>
                        <Name lang="en">Fetal hydantoin syndrome</Name>
                        <DisorderType id="21401">
                          <Name lang="en">Malformation syndrome</Name>
                        </DisorderType>
                      </Disorder>
                      <ClassificationNodeChildList count="0">
                      </ClassificationNodeChildList>
                    </ClassificationNode>
                    <ClassificationNode>
                      <Disorder id="1876">
                        <OrphaNumber>1913</OrphaNumber>
                        <ExpertLink lang="en">http://www.orpha.net/consor/cgi-bin/OC_Exp.php?lng=en&amp;Expert=1913</ExpertLink>
                        <Name lang="en">Fetal trimethadione syndrome</Name>
                        <DisorderType id="21401">
                          <Name lang="en">Malformation syndrome</Name>
                        </DisorderType>
                      </Disorder>
                      <ClassificationNodeChildList count="0">
                      </ClassificationNodeChildList>
                    </ClassificationNode>
                    <ClassificationNode>
                      <Disorder id="1881">
                        <OrphaNumber>1919</OrphaNumber>
                        <ExpertLink lang="en">http://www.orpha.net/consor/cgi-bin/OC_Exp.php?lng=en&amp;Expert=1919</ExpertLink>
                        <Name lang="en">Phenobarbital embryopathy</Name>
                        <DisorderType id="21401">
                          <Name lang="en">Malformation syndrome</Name>
                        </DisorderType>
                      </Disorder>
                      <ClassificationNodeChildList count="0">
                      </ClassificationNodeChildList>
                    </ClassificationNode>
                    <ClassificationNode>
                      <Disorder id="1868">
                        <OrphaNumber>1906</OrphaNumber>
                        <ExpertLink lang="en">http://www.orpha.net/consor/cgi-bin/OC_Exp.php?lng=en&amp;Expert=1906</ExpertLink>
                        <Name lang="en">Fetal valproate syndrome</Name>
                        <DisorderType id="21401">
                          <Name lang="en">Malformation syndrome</Name>
                        </DisorderType>
                      </Disorder>
                      <ClassificationNodeChildList count="0">
                      </ClassificationNodeChildList>
                    </ClassificationNode>
                    <ClassificationNode>
                      <Disorder id="22476">
                        <OrphaNumber>370076</OrphaNumber>
                        <ExpertLink lang="en">http://www.orpha.net/consor/cgi-bin/OC_Exp.php?lng=en&amp;Expert=370076</ExpertLink>
                        <Name lang="en">Fetal carbamazepine syndrome</Name>
                        <DisorderType id="21394">
                          <Name lang="en">Disease</Name>
                        </DisorderType>
                      </Disorder>
                      <ClassificationNodeChildList count="0">
                      </ClassificationNodeChildList>
                    </ClassificationNode>
                  </ClassificationNodeChildList>
                </ClassificationNode>
                <ClassificationNode>
                  <Disorder id="487">
                    <OrphaNumber>1915</OrphaNumber>
                    <ExpertLink lang="en">http://www.orpha.net/consor/cgi-bin/OC_Exp.php?lng=en&amp;Expert=1915</ExpertLink>
                    <Name lang="en">Fetal alcohol syndrome</Name>
                    <DisorderType id="21401">
                      <Name lang="en">Malformation syndrome</Name>
                    </DisorderType>
                  </Disorder>
                  <ClassificationNodeChildList count="0">
                  </ClassificationNodeChildList>
                </ClassificationNode>
                <ClassificationNode>
                  <Disorder id="1885">
                    <OrphaNumber>1923</OrphaNumber>
                    <ExpertLink lang="en">http://www.orpha.net/consor/cgi-bin/OC_Exp.php?lng=en&amp;Expert=1923</ExpertLink>
                    <Name lang="en">Methimazole embryofetopathy</Name>
                    <DisorderType id="21401">
                      <Name lang="en">Malformation syndrome</Name>
                    </DisorderType>
                  </Disorder>
                  <ClassificationNodeChildList count="0">
                  </ClassificationNodeChildList>
                </ClassificationNode>
                <ClassificationNode>
                  <Disorder id="2943">
                    <OrphaNumber>3312</OrphaNumber>
                    <ExpertLink lang="en">http://www.orpha.net/consor/cgi-bin/OC_Exp.php?lng=en&amp;Expert=3312</ExpertLink>
                    <Name lang="en">Thalidomide embryopathy</Name>
                    <DisorderType id="21394">
                      <Name lang="en">Disease</Name>
                    </DisorderType>
                  </Disorder>
                  <ClassificationNodeChildList count="0">
                  </ClassificationNodeChildList>
                </ClassificationNode>
                <ClassificationNode>
                  <Disorder id="1877">
                    <OrphaNumber>1914</OrphaNumber>
                    <ExpertLink lang="en">http://www.orpha.net/consor/cgi-bin/OC_Exp.php?lng=en&amp;Expert=1914</ExpertLink>
                    <Name lang="en">Vitamin K antagonist embryofetopathy</Name>
                    <DisorderType id="21401">
                      <Name lang="en">Malformation syndrome</Name>
                    </DisorderType>
                  </Disorder>
                  <ClassificationNodeChildList count="0">
                  </ClassificationNodeChildList>
                </ClassificationNode>
                <ClassificationNode>
                  <Disorder id="10462">
                    <OrphaNumber>40366</OrphaNumber>
                    <ExpertLink lang="en">http://www.orpha.net/consor/cgi-bin/OC_Exp.php?lng=en&amp;Expert=40366</ExpertLink>
                    <Name lang="en">Acitretin/etretinate embryopathy</Name>
                    <DisorderType id="21394">
                      <Name lang="en">Disease</Name>
                    </DisorderType>
                  </Disorder>
                  <ClassificationNodeChildList count="0">
                  </ClassificationNodeChildList>
                </ClassificationNode>
                <ClassificationNode>
                  <Disorder id="1874">
                    <OrphaNumber>1918</OrphaNumber>
                    <ExpertLink lang="en">http://www.orpha.net/consor/cgi-bin/OC_Exp.php?lng=en&amp;Expert=1918</ExpertLink>
                    <Name lang="en">Fetal minoxidil syndrome</Name>
                    <DisorderType id="21401">
                      <Name lang="en">Malformation syndrome</Name>
                    </DisorderType>
                  </Disorder>
                  <ClassificationNodeChildList count="0">
                  </ClassificationNodeChildList>
                </ClassificationNode>
                <ClassificationNode>
                  <Disorder id="1879">
                    <OrphaNumber>1916</OrphaNumber>
                    <ExpertLink lang="en">http://www.orpha.net/consor/cgi-bin/OC_Exp.php?lng=en&amp;Expert=1916</ExpertLink>
                    <Name lang="en">Diethylstilbestrol syndrome</Name>
                    <DisorderType id="21394">
                      <Name lang="en">Disease</Name>
                    </DisorderType>
                  </Disorder>
                  <ClassificationNodeChildList count="0">
                  </ClassificationNodeChildList>
                </ClassificationNode>
                <ClassificationNode>
                  <Disorder id="1872">
                    <OrphaNumber>1910</OrphaNumber>
                    <ExpertLink lang="en">http://www.orpha.net/consor/cgi-bin/OC_Exp.php?lng=en&amp;Expert=1910</ExpertLink>
                    <Name lang="en">Fetal iodine syndrome</Name>
                    <DisorderType id="21401">
                      <Name lang="en">Malformation syndrome</Name>
                    </DisorderType>
                  </Disorder>
                  <ClassificationNodeChildList count="0">
                  </ClassificationNodeChildList>
                </ClassificationNode>
                <ClassificationNode>
                  <Disorder id="2166">
                    <OrphaNumber>2305</OrphaNumber>
                    <ExpertLink lang="en">http://www.orpha.net/consor/cgi-bin/OC_Exp.php?lng=en&amp;Expert=2305</ExpertLink>
                    <Name lang="en">Isotretinoin syndrome</Name>
                    <DisorderType id="21401">
                      <Name lang="en">Malformation syndrome</Name>
                    </DisorderType>
                  </Disorder>
                  <ClassificationNodeChildList count="0">
                  </ClassificationNodeChildList>
                </ClassificationNode>
                <ClassificationNode>
                  <Disorder id="20172">
                    <OrphaNumber>268249</OrphaNumber>
                    <ExpertLink lang="en">http://www.orpha.net/consor/cgi-bin/OC_Exp.php?lng=en&amp;Expert=268249</ExpertLink>
                    <Name lang="en">Mycophenolate mofetil embryopathy</Name>
                    <DisorderType id="21394">
                      <Name lang="en">Disease</Name>
                    </DisorderType>
                  </Disorder>
                  <ClassificationNodeChildList count="0">
                  </ClassificationNodeChildList>
                </ClassificationNode>
                <ClassificationNode>
                  <Disorder id="1873">
                    <OrphaNumber>1911</OrphaNumber>
                    <ExpertLink lang="en">http://www.orpha.net/consor/cgi-bin/OC_Exp.php?lng=en&amp;Expert=1911</ExpertLink>
                    <Name lang="en">Cocaine embryofetopathy</Name>
                    <DisorderType id="21401">
                      <Name lang="en">Malformation syndrome</Name>
                    </DisorderType>
                  </Disorder>
                  <ClassificationNodeChildList count="0">
                  </ClassificationNodeChildList>
                </ClassificationNode>
                <ClassificationNode>
                  <Disorder id="1880">
                    <OrphaNumber>1917</OrphaNumber>
                    <ExpertLink lang="en">http://www.orpha.net/consor/cgi-bin/OC_Exp.php?lng=en&amp;Expert=1917</ExpertLink>
                    <Name lang="en">Fetal methylmercury syndrome</Name>
                    <DisorderType id="21401">
                      <Name lang="en">Malformation syndrome</Name>
                    </DisorderType>
                  </Disorder>
                  <ClassificationNodeChildList count="0">
                  </ClassificationNodeChildList>
                </ClassificationNode>
                <ClassificationNode>
                  <Disorder id="1882">
                    <OrphaNumber>1920</OrphaNumber>
                    <ExpertLink lang="en">http://www.orpha.net/consor/cgi-bin/OC_Exp.php?lng=en&amp;Expert=1920</ExpertLink>
                    <Name lang="en">Toluene embryopathy</Name>
                    <DisorderType id="21401">
                      <Name lang="en">Malformation syndrome</Name>
                    </DisorderType>
                  </Disorder>
                  <ClassificationNodeChildList count="0">
                  </ClassificationNodeChildList>
                </ClassificationNode>
              </ClassificationNodeChildList>
            </ClassificationNode>
            <ClassificationNode>
              <Disorder id="23615">
                <OrphaNumber>449285</OrphaNumber>
                <ExpertLink lang="en">http://www.orpha.net/consor/cgi-bin/OC_Exp.php?lng=en&amp;Expert=449285</ExpertLink>
                <Name lang="en">Snakebite envenomation</Name>
                <DisorderType id="21429">
                  <Name lang="en">Particular clinical situation in a disease or syndrome</Name>
                </DisorderType>
              </Disorder>
              <ClassificationNodeChildList count="0">
              </ClassificationNodeChildList>
            </ClassificationNode>
          </ClassificationNodeChildList>
        </ClassificationNode>
      </ClassificationNodeRootList>
    </Classification>
  </ClassificationList>
</JDBOR>
